Assignment,AttackType,MaliciousPct,Model,SuccessRate,FailureRate,Latency,MAR,ServiceDenialRate,ServiceDenialCount,Availability,PoolAvailability,HonestAvailability,TPR_gov,FPR_gov,FNR_gov,TNR_gov,Precision_gov,NPV_gov,F1_gov,TPR_exp,MalExposureRate,NumMalExposed,NumMalBlacklistedExposed,TPR_sel,FPR_sel,FNR_sel,TNR_sel,Precision_sel,NPV_sel,F1_sel,PMTI,RepSep,RepSep_provider,SER_mal,EarlyMAR_100,PctGoodSel,PctWarningSel,PctServiceDenial,FailMalicious_Pct,FailHonest_Pct,UndetectedMaliciousRate,TPR,FPR,FNR,TNR,Precision,NPV,F1,FirstHalf_SR,FirstHalf_MAR,SecondHalf_SR,SecondHalf_MAR,SR_Drop,MAR_Drop,MalSelected_Phase1,MalSelected_Phase2,MalSelectRatio,InitialMAR_Phase2,FinalMAR_Phase2,MARImprovement,RunsToDetect,StalenessScore
moderate,always,0,3VSL-Binary,96.8764445659388,3.1235554340612,196.292330238174,100,0.75,7.5,99.25,100,100,NaN,0,NaN,100,NaN,NaN,NaN,NaN,0,0,0,0,3.1235554340612,0,96.8764445659388,0,100,0,NaN,NaN,NaN,NaN,100,96.4636017457879,3.53639825421208,0.75,0,100,NaN,NaN,0,NaN,100,NaN,NaN,NaN,NaN,NaN,NaN,NaN,NaN,NaN,NaN,NaN,NaN,NaN,NaN,NaN,NaN,NaN
moderate,always,0,Beta (BRS),96.8764445659388,3.1235554340612,196.292330238174,100,0.75,7.5,99.25,100,100,NaN,0,NaN,100,NaN,NaN,NaN,NaN,0,0,0,0,3.1235554340612,0,96.8764445659388,0,100,0,NaN,NaN,NaN,NaN,100,96.2919851119867,3.70801488801327,0.75,0,100,NaN,NaN,0,NaN,100,NaN,NaN,NaN,NaN,NaN,NaN,NaN,NaN,NaN,NaN,NaN,NaN,NaN,NaN,NaN,NaN,NaN
moderate,always,0,ScalarRep-CumReward,96.8764445659388,3.1235554340612,196.292330238174,100,0.75,7.5,99.25,100,100,NaN,0,NaN,100,NaN,NaN,NaN,NaN,0,0,0,0,3.1235554340612,0,96.8764445659388,0,100,0,NaN,NaN,NaN,NaN,100,91.9089263242534,8.09107367574657,0.75,0,100,NaN,NaN,0,NaN,100,NaN,NaN,NaN,NaN,NaN,NaN,NaN,NaN,NaN,NaN,NaN,NaN,NaN,NaN,NaN,NaN,NaN
moderate,always,0,ScalarRep-EMA,96.8764445659388,3.1235554340612,196.292330238174,100,0.75,7.5,99.25,100,100,NaN,0,NaN,100,NaN,NaN,NaN,NaN,0,0,0,0,3.1235554340612,0,96.8764445659388,0,100,0,NaN,NaN,NaN,NaN,100,0.100594161804625,99.8994058381954,0.75,0,100,NaN,NaN,0,NaN,100,NaN,NaN,NaN,NaN,NaN,NaN,NaN,NaN,NaN,NaN,NaN,NaN,NaN,NaN,NaN,NaN,NaN
moderate,always,0,Threshold-MaxRep,96.8716337973063,3.12836620269372,196.288693642508,100,0.9,9,99.1,99.7142857142857,99.7142857142857,NaN,0.285714285714286,NaN,99.7142857142857,NaN,NaN,NaN,NaN,0,0,0,0,3.12836620269372,0,96.8716337973063,0,100,0,NaN,NaN,NaN,NaN,100,94.8741523473211,5.12584765267894,0.9,0,100,NaN,NaN,0.285714285714286,NaN,99.7142857142857,NaN,NaN,NaN,NaN,NaN,NaN,NaN,NaN,NaN,NaN,NaN,NaN,NaN,NaN,NaN,NaN,NaN
moderate,always,0,Threshold-NoTierSel,96.8729040425695,3.12709595743051,196.245800327238,100,1.48,14.8,98.52,99.5714285714286,99.5714285714286,NaN,0.428571428571429,NaN,99.5714285714286,NaN,NaN,NaN,NaN,0,0,0,0,3.12709595743051,0,96.8729040425695,0,100,0,NaN,NaN,NaN,NaN,100,85.051091033029,14.948908966971,1.48,0,100,NaN,NaN,0.428571428571429,NaN,99.5714285714286,NaN,NaN,NaN,NaN,NaN,NaN,NaN,NaN,NaN,NaN,NaN,NaN,NaN,NaN,NaN,NaN,NaN
moderate,always,10,3VSL-Binary,96.8966586347302,3.10334136526982,196.322609466064,99.93,2.04,20.4,97.96,100,100,0,0,100,100,0,90,0,0,100,7,0,40,3.03384926439605,0,96.966150735604,2.18698137562235,100,4.11111111111111,NaN,0.276836023085244,0.14934081350748,NaN,99.8,95.9057449968784,4.09425500312162,2.04,2.18698137562235,97.8130186243776,100,0,0,100,100,0,90,0,NaN,NaN,NaN,NaN,NaN,NaN,NaN,NaN,NaN,NaN,NaN,NaN,NaN,NaN
moderate,always,10,Beta (BRS),96.8763961653147,3.12360383468533,196.383796363576,99.91,2.04,20.4,97.96,100,100,0,0,100,100,0,90,0,0,100,7,0,50,3.03443376712587,0,96.9655662328741,2.84021668295862,100,5.31995230524642,NaN,0.579246361251765,0.216961195930628,NaN,99.8,96.3757357957756,3.62426420422439,2.04,2.84021668295862,97.1597833170414,100,0,0,100,100,0,90,0,NaN,NaN,NaN,NaN,NaN,NaN,NaN,NaN,NaN,NaN,NaN,NaN,NaN,NaN
moderate,always,10,ScalarRep-CumReward,96.8661712164394,3.13382878356059,196.403933849039,99.9,2.04,20.4,97.96,100,100,0,0,100,100,0,90,0,0,100,7,0,50,3.03472861259525,0,96.9652713874048,3.12247474747475,100,5.7774686451157,NaN,12.6190660336938,5.6628109913849,NaN,99.8,91.883466655315,8.11653334468495,2.04,3.12247474747475,96.8775252525252,100,0,0,100,100,0,90,0,NaN,NaN,NaN,NaN,NaN,NaN,NaN,NaN,NaN,NaN,NaN,NaN,NaN,NaN
moderate,always,10,ScalarRep-EMA,95.7737365042574,4.22626349574264,198.407000025981,98.82,2.04,20.4,97.96,100,100,0,0,100,100,0,90,0,0,100,7,0,100,3.05836192151591,0,96.9416380784841,28.1935330611818,100,43.6556003212223,NaN,-0.00855767924122994,0.00658773962043598,NaN,96.8,0.0919527689618221,99.9080472310382,2.04,28.1935330611818,71.8064669388182,100,0,0,100,100,0,90,0,NaN,NaN,NaN,NaN,NaN,NaN,NaN,NaN,NaN,NaN,NaN,NaN,NaN,NaN
moderate,always,10,Threshold-MaxRep,96.8744290826853,3.12557091731476,196.332047011479,99.91,2.69,26.9,97.31,99,99.5238095238095,5.71428571428571,0.476190476190476,94.2857142857143,99.5238095238095,40,90.4782608695652,10,5.71428571428571,100,7,0.4,60,3.03549631308266,0,96.9645036869174,2.81591779867642,100,5.32855897372026,1,0.272301493635537,0.14849253470484,NaN,99.8,92.1628269564528,7.83717304354719,2.69,2.81591779867642,97.1840822013236,94.2857142857143,5.71428571428571,0.476190476190476,94.2857142857143,99.5238095238095,40,90.4782608695652,10,NaN,NaN,NaN,NaN,NaN,NaN,NaN,NaN,NaN,NaN,NaN,NaN,NaN,NaN
moderate,always,10,Threshold-NoTierSel,96.6048940498012,3.39510595019883,196.785570981138,99.65,3.31,33.1,96.69,96.1428571428571,99.5238095238095,34.2857142857143,0.476190476190476,65.7142857142857,99.5238095238095,89.6666666666667,93.190382926994,47.8888888888889,34.2857142857143,100,7,2.4,100,3.04302499165041,0,96.9569750083496,10.4288252538253,100,18.5827975027624,1.02,0.274124689141334,0.176285163280144,NaN,99.4,83.0899983472982,16.9100016527018,3.31,10.4288252538253,89.5711747461747,65.7142857142857,34.2857142857143,0.476190476190476,65.7142857142857,99.5238095238095,89.6666666666667,93.190382926994,47.8888888888889,NaN,NaN,NaN,NaN,NaN,NaN,NaN,NaN,NaN,NaN,NaN,NaN,NaN,NaN
moderate,always,30,3VSL-Binary,93.485676806063,6.51432319393698,204.203025984354,96.42,6.12,61.2,93.88,100,100,0,0,100,100,0,70,0,0,100,21,0,100,2.7963461245111,0,97.2036538754889,55.5847396527246,100,70.5419912950558,NaN,0.268476436092119,0.18456371293106,NaN,95.2,90.2918034229066,9.70819657709341,6.12,55.5847396527246,44.4152603472754,100,0,0,100,100,0,70,0,NaN,NaN,NaN,NaN,NaN,NaN,NaN,NaN,NaN,NaN,NaN,NaN,NaN,NaN
moderate,always,30,Beta (BRS),93.2948412824766,6.70515871752337,204.606118419783,96.22,6.12,61.2,93.88,100,100,0,0,100,100,0,70,0,0,100,21,0,100,2.78088592695092,0,97.2191140730491,57.7803235510695,100,72.595062738977,NaN,0.662093865472751,0.378795747961198,NaN,92.9,93.085625765551,6.91437423444895,6.12,57.7803235510695,42.2196764489304,100,0,0,100,100,0,70,0,NaN,NaN,NaN,NaN,NaN,NaN,NaN,NaN,NaN,NaN,NaN,NaN,NaN,NaN
moderate,always,30,ScalarRep-CumReward,93.1352642557975,6.86473574420252,204.822376270546,96.08,6.12,61.2,93.88,100,100,0,0,100,100,0,70,0,0,100,21,0,100,2.79607553560517,0,97.2039244643948,58.8309609588508,100,73.5132899811626,NaN,13.6657920184636,6.7479383457258,NaN,92.2,88.9257149641981,11.0742850358019,6.12,58.8309609588508,41.1690390411492,100,0,0,100,100,0,70,0,NaN,NaN,NaN,NaN,NaN,NaN,NaN,NaN,NaN,NaN,NaN,NaN,NaN,NaN
moderate,always,30,ScalarRep-EMA,90.3198058598613,9.68019414013866,209.852534164983,93.35,6.12,61.2,93.88,100,100,0,0,100,100,0,70,0,0,100,21,0,100,2.78295942546807,0,97.2170405745319,72.0420727910463,100,83.5544563022943,NaN,0.0454322324568492,0.0860034068791215,NaN,80.7,0.0856447911142207,99.9143552088858,6.12,72.0420727910463,27.9579272089537,100,0,0,100,100,0,70,0,NaN,NaN,NaN,NaN,NaN,NaN,NaN,NaN,NaN,NaN,NaN,NaN,NaN,NaN
moderate,always,30,Threshold-MaxRep,94.6969376277479,5.30306237225208,202.070329975698,97.74,10.88,108.8,89.12,85.4285714285714,99.5918367346939,47.6190476190476,0.408163265306122,52.3809523809524,99.5918367346939,98.2307692307692,81.7551792526587,63.1492917792728,47.6190476190476,100,21,10,100,2.80419608553324,0,97.1958039144668,46.2228907919649,100,62.2210761896815,1.19075091575092,0.253452233966015,0.174968502944834,NaN,95.5,85.0840972666559,14.9159027333441,10.88,46.2228907919649,53.7771092080351,52.3809523809524,47.6190476190476,0.408163265306122,52.3809523809524,99.5918367346939,98.2307692307692,81.7551792526587,63.1492917792728,NaN,NaN,NaN,NaN,NaN,NaN,NaN,NaN,NaN,NaN,NaN,NaN,NaN,NaN
moderate,always,30,Threshold-NoTierSel,94.2381726977165,5.7618273022835,202.737557170158,97.35,12.12,121.2,87.88,83.4285714285714,98.9795918367347,52.8571428571429,1.02040816326531,47.1428571428571,98.9795918367347,95.9321789321789,83.222817198407,67.159632034632,52.8571428571429,100,21,11.1,100,2.78928233375789,0,97.2107176662421,50.9632317783533,100,66.6377181358583,1.53509934509934,0.232516839183122,0.181998800853182,NaN,91.5,79.8244799611792,20.1755200388208,12.12,50.9632317783533,49.0367682216468,47.1428571428571,52.8571428571429,1.02040816326531,47.1428571428571,98.9795918367347,95.9321789321789,83.222817198407,67.159632034632,NaN,NaN,NaN,NaN,NaN,NaN,NaN,NaN,NaN,NaN,NaN,NaN,NaN,NaN
moderate,always,50,3VSL-Binary,74.8434553529277,25.1565446470722,239.271155453421,78.87,8.34,83.4,91.66,100,100,0,0,100,100,0,50,0,0,100,35,0,100,2.71357262641702,0,97.286427373583,91.2704822203468,100,95.4132140551089,NaN,0.260239165887201,0.20284410430839,NaN,77.9,71.3094237624947,28.6905762375053,8.34,91.2704822203468,8.72951777965316,100,0,0,100,100,0,50,0,NaN,NaN,NaN,NaN,NaN,NaN,NaN,NaN,NaN,NaN,NaN,NaN,NaN,NaN
moderate,always,50,Beta (BRS),74.8319500711929,25.1680499288071,239.323600107832,78.84,8.34,83.4,91.66,100,100,0,0,100,100,0,50,0,0,100,35,0,100,2.68759205128073,0,97.3124079487193,91.3840427824492,100,95.4769133563754,NaN,0.757709719062164,0.458159243600251,NaN,74.7,74.6464607329783,25.3535392670217,8.34,91.3840427824492,8.61595721755081,100,0,0,100,100,0,50,0,NaN,NaN,NaN,NaN,NaN,NaN,NaN,NaN,NaN,NaN,NaN,NaN,NaN,NaN
moderate,always,50,ScalarRep-CumReward,74.166867233313,25.833132766687,240.616403173269,78.19,8.34,83.4,91.66,100,100,0,0,100,100,0,50,0,0,100,35,0,100,2.65261833103683,0,97.3473816689632,91.7484076472496,100,95.6754771768181,NaN,8.90702298017362,7.19593137049788,NaN,70.8,70.8818709812121,29.1181290187879,8.34,91.7484076472496,8.25159235275041,100,0,0,100,100,0,50,0,NaN,NaN,NaN,NaN,NaN,NaN,NaN,NaN,NaN,NaN,NaN,NaN,NaN,NaN
moderate,always,50,ScalarRep-EMA,72.7908690453702,27.2091309546298,243.177471851037,76.92,8.34,83.4,91.66,100,100,0,0,100,100,0,50,0,0,100,35,0,100,2.69235567184636,0,97.3076443281536,92.2942487959113,100,95.9790431333676,NaN,0.137191849161995,0.0930021111645112,NaN,61.5,0.0984508801993868,99.9015491198006,8.34,92.2942487959113,7.7057512040887,100,0,0,100,100,0,50,0,NaN,NaN,NaN,NaN,NaN,NaN,NaN,NaN,NaN,NaN,NaN,NaN,NaN,NaN
moderate,always,50,Threshold-MaxRep,88.9880763167079,11.0119236832921,213.239189324028,93.82,27.49,274.9,72.51,74.4285714285714,99.1428571428571,50.2857142857143,0.857142857142857,49.7142857142857,99.1428571428571,98.5645933014354,66.7198289132251,66.3180847619775,50.2857142857143,100,35,17.6,100,2.6602335814542,0,97.3397664185458,75.002889700916,100,85.2439677857495,2.80873015873016,0.209760940981492,0.175165826742825,NaN,79.8,72.020770032855,27.979229967145,27.49,75.002889700916,24.997110299084,49.7142857142857,50.2857142857143,0.857142857142857,49.7142857142857,99.1428571428571,98.5645933014354,66.7198289132251,66.3180847619775,NaN,NaN,NaN,NaN,NaN,NaN,NaN,NaN,NaN,NaN,NaN,NaN,NaN,NaN
moderate,always,50,Threshold-NoTierSel,88.8423078934732,11.1576921065268,213.593058182719,93.88,29.8,298,70.2,73.5714285714286,98.5714285714286,51.4285714285714,1.42857142857143,48.5714285714286,98.5714285714286,97.3840377458799,67.0867803220744,67.115351580332,51.4285714285714,100,35,18,100,2.62849881561995,0,97.3715011843801,76.5170963315159,100,86.3829899469454,3.22972185365374,0.200157456553121,0.175732166783843,NaN,74.1,69.2220465713272,30.7779534286728,29.8,76.5170963315159,23.4829036684842,48.5714285714286,51.4285714285714,1.42857142857143,48.5714285714286,98.5714285714286,97.3840377458799,67.0867803220744,67.115351580332,NaN,NaN,NaN,NaN,NaN,NaN,NaN,NaN,NaN,NaN,NaN,NaN,NaN,NaN
moderate,firsthalf,0,3VSL-Binary,97.2094765760557,2.79052342394425,195.723180698509,100,0.74,7.4,99.26,100,100,NaN,0,NaN,100,NaN,NaN,NaN,NaN,0,0,0,0,2.79052342394425,0,97.2094765760557,0,100,0,NaN,NaN,NaN,NaN,100,96.7972135901104,3.20278640988956,0.74,0,100,NaN,NaN,0,NaN,100,NaN,NaN,NaN,96.5,100,96.48,100,0.0200000000000017,0,0,0,NaN,100,100,0,NaN,NaN
moderate,firsthalf,0,Beta (BRS),97.2094765760557,2.79052342394425,195.723180698509,100,0.74,7.4,99.26,100,100,NaN,0,NaN,100,NaN,NaN,NaN,NaN,0,0,0,0,2.79052342394425,0,97.2094765760557,0,100,0,NaN,NaN,NaN,NaN,100,96.362983765403,3.63701623459698,0.74,0,100,NaN,NaN,0,NaN,100,NaN,NaN,NaN,96.5,100,96.48,100,0.0200000000000017,0,0,0,NaN,100,100,0,NaN,NaN
moderate,firsthalf,0,ScalarRep-CumReward,97.2094765760557,2.79052342394425,195.723180698509,100,0.74,7.4,99.26,100,100,NaN,0,NaN,100,NaN,NaN,NaN,NaN,0,0,0,0,2.79052342394425,0,97.2094765760557,0,100,0,NaN,NaN,NaN,NaN,100,91.9099698163404,8.09003018365962,0.74,0,100,NaN,NaN,0,NaN,100,NaN,NaN,NaN,96.5,100,96.48,100,0.0200000000000017,0,0,0,NaN,100,100,0,NaN,NaN
moderate,firsthalf,0,ScalarRep-EMA,97.2094765760557,2.79052342394425,195.723180698509,100,0.74,7.4,99.26,100,100,NaN,0,NaN,100,NaN,NaN,NaN,NaN,0,0,0,0,2.79052342394425,0,97.2094765760557,0,100,0,NaN,NaN,NaN,NaN,100,0.161290732276398,99.8387092677236,0.74,0,100,NaN,NaN,0,NaN,100,NaN,NaN,NaN,96.5,100,96.48,100,0.0200000000000017,0,0,0,NaN,100,100,0,NaN,NaN
moderate,firsthalf,0,Threshold-MaxRep,97.2051709338264,2.7948290661736,195.672370729032,100,0.89,8.9,99.11,99.5714285714286,99.5714285714286,NaN,0.428571428571429,NaN,99.5714285714286,NaN,NaN,NaN,NaN,0,0,0,0,2.7948290661736,0,97.2051709338264,0,100,0,NaN,NaN,NaN,NaN,100,95.036370554358,4.96362944564198,0.89,0,100,NaN,NaN,0.428571428571429,NaN,99.5714285714286,NaN,NaN,NaN,96.46,100,96.22,100,0.240000000000002,0,0,0,NaN,100,100,0,NaN,NaN
moderate,firsthalf,0,Threshold-NoTierSel,97.2094121456562,2.79058785434376,195.621562510774,100,1.43,14.3,98.57,99.2857142857143,99.2857142857143,NaN,0.714285714285714,NaN,99.2857142857143,NaN,NaN,NaN,NaN,0,0,0,0,2.79058785434376,0,97.2094121456562,0,100,0,NaN,NaN,NaN,NaN,100,84.9714689865193,15.0285310134807,1.43,0,100,NaN,NaN,0.714285714285714,NaN,99.2857142857143,NaN,NaN,NaN,95.94,100,95.7,100,0.240000000000001,0,0,0,NaN,100,100,0,NaN,NaN
moderate,firsthalf,10,3VSL-Binary,96.8979369248886,3.1020630751114,197.110748926751,99.8,2.31,23.1,97.69,100,100,0,0,100,100,0,90,0,0,100,7,0,34,3.00586186869247,46,96.9941381313075,3.10956859232721,99.8938378908407,5.64303663924157,NaN,0.206631912683986,0.142315988685036,NaN,100,95.8044500145259,4.19554998547408,2.31,3.10956859232721,96.8904314076728,100,0,0,100,100,0,90,0,94.26,99.8,95.06,99.8,-0.799999999999997,1.4210854715202e-15,1,1,0.666666666666667,99.7,99.7,0,NaN,11.8
moderate,firsthalf,10,Beta (BRS),96.8874821635762,3.11251783642379,197.150324381672,99.72,2.31,23.1,97.69,100,100,0,0,100,100,0,90,0,0,100,7,0,21.2380952380952,3.00848272797243,58.7619047619048,96.9915172720276,3.32072829131653,99.8197903371275,5.6932838994208,NaN,0.300835793329224,0.185787538968814,NaN,99.4,96.2232119649833,3.77678803501671,2.31,3.32072829131653,96.6792717086835,100,0,0,100,100,0,90,0,94.26,99.66,95.04,99.78,-0.779999999999997,-0.120000000000002,1.7,1.1,0.529166666666667,99.7,99.8,0.1,NaN,12.3694444444444
moderate,firsthalf,10,ScalarRep-CumReward,96.8876276465381,3.11237235346192,197.132623475958,99.71,2.31,23.1,97.69,100,100,0,0,100,100,0,90,0,0,100,7,0,20.8333333333333,3.00868253785518,59.1666666666667,96.9913174621448,3.38586092744308,99.8093068057628,5.81723871537358,NaN,14.6154876098483,5.71431316333741,NaN,99.4,91.709019253639,8.29098074636099,2.31,3.38586092744308,96.6141390725569,100,0,0,100,100,0,90,0,94.26,99.64,95.04,99.78,-0.779999999999997,-0.139999999999999,1.8,1.1,0.5,99.6,99.8,0.2,NaN,11.9666666666667
moderate,firsthalf,10,ScalarRep-EMA,96.4159811210668,3.58401887893315,197.896871761299,97.11,2.31,23.1,97.69,100,100,0,0,100,100,0,90,0,0,100,7,0,22.8461548902758,3.00625279942462,77.1538451097242,96.9937472005754,18.0493609780666,97.6163386250635,19.4442436807642,NaN,-0.0432709257835007,0.0297734820448584,NaN,96.8,0.11296276697087,99.8870372330291,2.31,18.0493609780666,81.9506390219334,100,0,0,100,100,0,90,0,94.26,95.36,94.12,98.86,0.140000000000005,-3.50000000000001,23.2,5.7,0.266074649987693,96.9,99.7,2.8,NaN,9.76791083312822
moderate,firsthalf,10,Threshold-MaxRep,96.8858984837818,3.11410151621821,197.007306515653,99.79,3.01,30.1,96.99,98.1428571428571,99.2063492063492,11.4285714285714,0.793650793650794,88.5714285714286,99.2063492063492,41.6666666666667,90.9864488300187,17.6111111111111,11.4285714285714,100,7,0.8,30.6666666666667,3.01725174483707,49.3333333333333,96.9827482551629,3.1379776832363,99.8825394395182,5.64775910364146,1.3,0.258487054531707,0.148775097028147,NaN,100,92.9595426671343,7.04045733286568,3.01,3.1379776832363,96.8620223167637,88.5714285714286,11.4285714285714,0.793650793650794,88.5714285714286,99.2063492063492,41.6666666666667,90.9864488300187,17.6111111111111,93.9,99.78,94.04,99.8,-0.140000000000001,-0.0199999999999989,1.1,1,0.857142857142857,99.7,99.7,0,251.3,30.8761904761905
moderate,firsthalf,10,Threshold-NoTierSel,96.8033075652272,3.19669243477283,197.107492672193,99.35,3.65,36.5,96.35,97.2857142857143,99.2063492063492,20,0.793650793650794,80,99.2063492063492,74.6666666666667,91.7994392585567,29.5555555555556,20,100,7,1.4,29.0753968253968,2.99846746447617,70.9246031746032,97.0015325355238,6.7521512776412,99.5272175729217,10.8804899636093,1.58333333333333,0.231997035671996,0.167223695788458,NaN,99,83.8569598721047,16.1430401278953,3.65,6.7521512776412,93.2478487223588,80,20,0.793650793650794,80,99.2063492063492,74.6666666666667,91.7994392585567,29.5555555555556,93.26,99.12,93.28,99.58,-0.019999999999996,-0.459999999999997,4.4,2.1,0.531785714285714,99.4,99.5,0.1,235.111111111111,30.9630952380952
moderate,firsthalf,30,3VSL-Binary,95.2406494511981,4.75935054880194,200.36534602444,95.69,5.59,55.9,94.41,100,100,0,0,100,100,0,70,0,0,100,21,0,41.9915166584793,2.99511369558328,58.0084833415207,97.0048863044167,38.7392498342622,97.188222997171,39.6525895930518,NaN,0.170248434583733,0.170982124451512,NaN,94.7,90.418237052829,9.581762947171,5.59,38.7392498342622,61.2607501657378,100,0,0,100,100,0,70,0,92.14,94.9,87.7,96.48,4.44,-1.58,25.5,17.6,0.741698161000793,95.3,96.5,1.2,NaN,16.6283026833465
moderate,firsthalf,30,Beta (BRS),95.3376194736587,4.66238052634127,200.2391398655,95.33,5.59,55.9,94.41,100,100,0,0,100,100,0,70,0,0,100,21,0,37.0449404779015,2.97396749941002,62.9550595220985,97.02603250059,38.3170458401524,96.7219827893645,37.1666479770614,NaN,0.229056567134956,0.19080079094197,NaN,91,95.6027305450149,4.39726945498514,5.59,38.3170458401524,61.6829541598476,100,0,0,100,100,0,70,0,92.14,93.98,87.88,96.68,4.26,-2.7,30.1,16.6,0.567103664243908,95.8,96.6,0.8,NaN,13.4517277373985
moderate,firsthalf,30,ScalarRep-CumReward,95.1898182597729,4.8101817402271,200.616847488969,95.23,5.59,55.9,94.41,100,100,0,0,100,100,0,70,0,0,100,21,0,38.716999967,2.9887259144259,61.283000033,97.0112740855741,39.2163592910876,96.7460178449563,38.2684690359422,NaN,11.5225008795142,6.40881930940901,NaN,90.7,90.3888763007928,9.61112369920719,5.59,39.2163592910876,60.7836407089124,100,0,0,100,100,0,70,0,92.14,94.06,87.6,96.4,4.54,-2.34,29.7,18,0.619700292397661,96.1,96.2,0.1,NaN,13.861671539961
moderate,firsthalf,30,ScalarRep-EMA,94.5315241500758,5.46847584992424,201.697975442098,85.38,5.59,55.9,94.41,100,100,0,0,100,100,0,70,0,0,100,21,0,18.2846873395591,3.08302798831798,81.7153126604408,96.916972011682,51.7519128981959,86.6211400310774,26.985978818372,NaN,-0.0139981340058,0.0550525046200244,NaN,78.3,0.147922941441642,99.8520770585584,5.59,51.7519128981959,48.2480871018041,100,0,0,100,100,0,70,0,92.14,75.7,86.36,95.06,5.78000000000001,-19.36,121.5,24.7,0.200165567850368,89.9,96.3,6.4,NaN,11.0694261308395
moderate,firsthalf,30,Threshold-MaxRep,95.8899051254172,4.11009487458284,198.835976055384,96.71,9.51,95.1,90.49,94.1428571428572,99.7959183673469,19.047619047619,0.204081632653061,80.9523809523809,99.7959183673469,97.5,74.2574877231527,31.0707767328457,19.047619047619,100,21,4,32.5203169320736,3.03560250159976,67.4796830679264,96.9643974984002,28.0627542776566,97.4276789293762,29.5492004419707,1.9,0.189532435018435,0.156245044335402,NaN,94.1,83.8217506161242,16.1782493838758,9.51,28.0627542776566,71.9372457223434,80.9523809523809,19.047619047619,0.204081632653061,80.9523809523809,99.7959183673469,97.5,74.2574877231527,31.0707767328457,89.8,95.46,83.74,97.96,6.06000000000001,-2.5,22.7,10.2,0.475836329955323,97.1,98.7,1.6,216.879166666667,34.7789388325887
moderate,firsthalf,30,Threshold-NoTierSel,95.6976494068926,4.30235059310741,198.968755525355,95.56,10.93,109.3,89.07,97.4285714285714,99.5918367346939,7.61904761904762,0.408163265306122,92.3809523809524,99.5918367346939,71.6666666666667,71.568964639717,13.6627140974967,7.61904761904762,100,21,1.6,26.5216599501373,3.09372993228679,73.4783400498627,96.9062700677132,30.4977601835565,96.1928451610322,27.9601055410883,7.14583333333333,0.16369327848546,0.156140976040617,NaN,90.2,77.8293356173742,22.1706643826258,10.93,30.4977601835565,69.5022398164435,92.3809523809524,7.61904761904762,0.408163265306122,92.3809523809524,99.5918367346939,71.6666666666667,71.568964639717,13.6627140974967,88.04,93.44,82.44,97.68,5.6,-4.24,32.8,11.6,0.35266955329486,96.7,98.7,2,210.0625,27.031159221581
moderate,firsthalf,50,3VSL-Binary,84.7869084140051,15.2130915859949,218.030647701359,74.59,8.12,81.2,91.88,100,100,0,0,100,100,0,50,0,0,100,35,0,46.386862558966,3.29658865437702,53.613137441034,96.703411345623,84.078969530543,82.4566394095555,59.7549078261122,NaN,0.163271586842269,0.180678234463949,NaN,72.9,73.094126993365,26.905873006635,8.12,84.078969530543,15.921030469457,100,0,0,100,100,0,50,0,88.5,71.68,67.3,77.5,21.2,-5.82,141.6,112.5,0.796611654186965,73.3,78.5,5.2,NaN,20.7835275697827
moderate,firsthalf,50,Beta (BRS),82.6700310932827,17.3299689067173,222.136304177479,62.88,8.12,81.2,91.88,100,100,0,0,100,100,0,50,0,0,100,35,0,38.0653981568551,3.34282214806268,61.9346018431449,96.6571778519373,88.1528402153566,69.5305341595987,53.0838506442165,NaN,0.0971291664786064,0.193765298881469,NaN,53.9,94.2010349587913,5.79896504120868,8.12,88.1528402153566,11.8471597846434,100,0,0,100,100,0,50,0,88.5,52.22,63.42,73.54,25.08,-21.32,238.9,132.3,0.559771913486971,61.2,78,16.8,NaN,31.0895318914495
moderate,firsthalf,50,ScalarRep-CumReward,74.0632278152395,25.9367721847605,238.002736456942,54.69,8.12,81.2,91.88,100,100,0,0,100,100,0,50,0,0,100,35,0,49.0748361496578,3.20963022603503,50.9251638503422,96.790369773965,93.1012911156805,65.5773386607662,64.2557203458609,NaN,34.0939299002312,18.2210449940051,NaN,52.2,89.2582977084782,10.7417022915218,8.12,93.1012911156805,6.89870888431948,100,0,0,100,100,0,50,0,88.5,52.1,47.6,57.28,40.9,-5.18,239.5,213.6,0.889518723035724,49.5,61.8,12.3,NaN,46.9107283165987
moderate,firsthalf,50,ScalarRep-EMA,84.4274615786302,15.5725384213698,218.56010011177,65.39,8.12,81.2,91.88,100,100,0,0,100,100,0,50,0,0,100,35,0,35.8931960481723,3.18740220572569,64.1068039518277,96.8125977942743,86.93784528258,71.4003777258734,50.7842072529328,NaN,0.033551145787237,0.0916054248909071,NaN,53.3,0.119950412844492,99.8800495871555,8.12,86.93784528258,13.06215471742,100,0,0,100,100,0,50,0,88.5,53.96,66.64,76.82,21.86,-22.86,230.2,115.9,0.500755999315923,68.3,78.8,10.5,NaN,21.3059333219321
moderate,firsthalf,50,Threshold-MaxRep,93.0225334124112,6.97746658758877,202.171798408365,89.27,25.41,254.1,74.59,95.7142857142857,99.7142857142857,8.28571428571428,0.285714285714286,91.7142857142857,99.7142857142857,86.6666666666667,52.1151969098359,14.9810292172295,8.28571428571428,100,35,2.9,27.5506624416845,3.30159763487783,72.4493375583155,96.6984023651222,56.7003388444712,89.0076389045847,37.0391085890081,9.80555555555556,0.127465703233186,0.149435044032769,NaN,75.4,72.0765889209808,27.9234110790192,25.41,56.7003388444712,43.2996611555288,91.7142857142857,8.28571428571428,0.285714285714286,91.7142857142857,99.7142857142857,86.6666666666667,52.1151969098359,14.9810292172295,76.3,84.16,62.42,94.38,13.88,-10.22,79.2,28.1,0.336164018395167,91.4,96.7,5.3,224.333333333333,33.3360669732528
moderate,firsthalf,50,Threshold-NoTierSel,92.5463975978491,7.4536024021509,202.941555781346,88.97,27.27,272.7,72.73,95.1428571428571,100,9.71428571428571,0,90.2857142857143,100,90,52.6075359263499,17.1305686549589,9.71428571428571,100,35,3.4,29.2326094263268,3.2379454075875,70.7673905736732,96.7620545924125,59.5255601452219,88.7121403558241,39.1570700735065,12.8018518518519,0.122827471834908,0.151758123541646,NaN,69.8,68.4065490541562,31.5934509458438,27.27,59.5255601452219,40.4744398547781,90.2857142857143,9.71428571428571,0,90.2857142857143,100,90,52.6075359263499,17.1305686549589,73.28,84.18,61.28,93.76,12,-9.58,79.1,31.2,0.36992010836624,89.2,96.4,7.2,182.296296296296,32.7742240283262
moderate,onoff,0,3VSL-Binary,97.3024330569048,2.69756694309515,195.495922417369,100,0.98,9.8,99.02,100,100,NaN,0,NaN,100,NaN,NaN,NaN,NaN,0,0,0,0,2.69756694309516,0,97.3024330569048,0,100,0,NaN,NaN,NaN,NaN,100,96.6071885970129,3.39281140298714,0.98,0,100,NaN,NaN,0,NaN,100,NaN,NaN,NaN,NaN,NaN,NaN,NaN,NaN,NaN,NaN,NaN,NaN,NaN,NaN,NaN,NaN,NaN
moderate,onoff,0,Beta (BRS),97.3024330569048,2.69756694309515,195.495922417369,100,0.98,9.8,99.02,100,100,NaN,0,NaN,100,NaN,NaN,NaN,NaN,0,0,0,0,2.69756694309516,0,97.3024330569048,0,100,0,NaN,NaN,NaN,NaN,100,96.4550701522138,3.54492984778622,0.98,0,100,NaN,NaN,0,NaN,100,NaN,NaN,NaN,NaN,NaN,NaN,NaN,NaN,NaN,NaN,NaN,NaN,NaN,NaN,NaN,NaN,NaN
moderate,onoff,0,ScalarRep-CumReward,97.3024330569048,2.69756694309515,195.495922417369,100,0.98,9.8,99.02,100,100,NaN,0,NaN,100,NaN,NaN,NaN,NaN,0,0,0,0,2.69756694309516,0,97.3024330569048,0,100,0,NaN,NaN,NaN,NaN,100,91.8296779706324,8.17032202936754,0.98,0,100,NaN,NaN,0,NaN,100,NaN,NaN,NaN,NaN,NaN,NaN,NaN,NaN,NaN,NaN,NaN,NaN,NaN,NaN,NaN,NaN,NaN
moderate,onoff,0,ScalarRep-EMA,97.3024330569048,2.69756694309515,195.495922417369,100,0.98,9.8,99.02,100,100,NaN,0,NaN,100,NaN,NaN,NaN,NaN,0,0,0,0,2.69756694309516,0,97.3024330569048,0,100,0,NaN,NaN,NaN,NaN,100,0.191655927136687,99.8083440728633,0.98,0,100,NaN,NaN,0,NaN,100,NaN,NaN,NaN,NaN,NaN,NaN,NaN,NaN,NaN,NaN,NaN,NaN,NaN,NaN,NaN,NaN,NaN
moderate,onoff,0,Threshold-MaxRep,97.305403798229,2.69459620177103,195.480797520834,100,1.25,12.5,98.75,99.8571428571429,99.8571428571429,NaN,0.142857142857143,NaN,99.8571428571429,NaN,NaN,NaN,NaN,0,0,0,0,2.69459620177103,0,97.305403798229,0,100,0,NaN,NaN,NaN,NaN,100,94.6542590767875,5.34574092321251,1.25,0,100,NaN,NaN,0.142857142857143,NaN,99.8571428571429,NaN,NaN,NaN,NaN,NaN,NaN,NaN,NaN,NaN,NaN,NaN,NaN,NaN,NaN,NaN,NaN,NaN
moderate,onoff,0,Threshold-NoTierSel,97.291205788751,2.70879421124899,195.50642003591,100,1.77,17.7,98.23,99,99,NaN,1,NaN,99,NaN,NaN,NaN,NaN,0,0,0,0,2.70879421124899,0,97.291205788751,0,100,0,NaN,NaN,NaN,NaN,100,85.7415103448753,14.2584896551247,1.77,0,100,NaN,NaN,1,NaN,99,NaN,NaN,NaN,NaN,NaN,NaN,NaN,NaN,NaN,NaN,NaN,NaN,NaN,NaN,NaN,NaN,NaN
moderate,onoff,10,3VSL-Binary,97.1003745381389,2.8996254618611,194.669166475376,99.94,2.11,21.1,97.89,100,100,0,0,100,100,0,90,0,0,100,7,0,45,2.85029307320552,5,97.1497069267945,1.74065934065934,99.9895506792058,3.33333333333333,NaN,0.242270769505341,0.147227318536842,NaN,99.9,95.8625454009028,4.13745459909723,2.11,1.74065934065934,98.2593406593407,100,0,0,100,100,0,90,0,NaN,NaN,NaN,NaN,NaN,NaN,NaN,NaN,NaN,NaN,NaN,NaN,NaN,NaN
moderate,onoff,10,Beta (BRS),97.0493425089207,2.95065749107926,194.778500989506,99.89,2.11,21.1,97.89,100,100,0,0,100,100,0,90,0,0,100,7,0,66.6666666666667,2.85174371735378,3.33333333333333,97.1482562826462,3.47011024402329,99.989539748954,6.54216406031288,NaN,0.571705569135012,0.220635070901226,NaN,99.6,96.2612216727528,3.73877832724723,2.11,3.47011024402329,96.5298897559767,100,0,0,100,100,0,90,0,NaN,NaN,NaN,NaN,NaN,NaN,NaN,NaN,NaN,NaN,NaN,NaN,NaN,NaN
moderate,onoff,10,ScalarRep-CumReward,97.0493425089207,2.95065749107926,194.778500989506,99.89,2.11,21.1,97.89,100,100,0,0,100,100,0,90,0,0,100,7,0,66.6666666666667,2.85174371735378,3.33333333333333,97.1482562826462,3.47011024402329,99.989539748954,6.54216406031288,NaN,12.1169186263209,5.23909585979548,NaN,99.6,91.7144981787878,8.28550182121217,2.11,3.47011024402329,96.5298897559767,100,0,0,100,100,0,90,0,NaN,NaN,NaN,NaN,NaN,NaN,NaN,NaN,NaN,NaN,NaN,NaN,NaN,NaN
moderate,onoff,10,ScalarRep-EMA,96.1595828370298,3.84041716297017,196.316854321644,98.28,2.11,21.1,97.89,100,100,0,0,100,100,0,90,0,0,100,7,0,58.8869047619048,2.85671824025176,41.1130952380952,97.1432817597482,27.260283936156,99.2450751027227,36.6954691106816,NaN,-0.0115956981165563,0.000709492487827601,NaN,97.4,0.102423916497712,99.8975760835023,2.11,27.260283936156,72.739716063844,100,0,0,100,100,0,90,0,NaN,NaN,NaN,NaN,NaN,NaN,NaN,NaN,NaN,NaN,NaN,NaN,NaN,NaN
moderate,onoff,10,Threshold-MaxRep,97.0668006950713,2.93319930492873,194.76900077274,99.88,2.9,29,97.1,98.7142857142857,99.5238095238095,8.57142857142857,0.476190476190476,91.4285714285714,99.5238095238095,40,90.7468030690537,13.8888888888889,8.57142857142857,100,7,0.6,54.1666666666667,2.83284283541173,5.83333333333333,97.1671571645883,3.68822354116472,99.9786546750134,6.76937820772154,1,0.273941404728438,0.1508019983622,NaN,100,93.3382672943076,6.66173270569238,2.9,3.68822354116472,96.3117764588353,91.4285714285714,8.57142857142857,0.476190476190476,91.4285714285714,99.5238095238095,40,90.7468030690537,13.8888888888889,NaN,NaN,NaN,NaN,NaN,NaN,NaN,NaN,NaN,NaN,NaN,NaN,NaN,NaN
moderate,onoff,10,Threshold-NoTierSel,96.8554576833052,3.1445423166948,195.058509554883,99.62,3.71,37.1,96.29,96.4285714285714,99.6825396825397,32.8571428571429,0.317460317460317,67.1428571428571,99.6825396825397,95,93.060019595119,46.5707070707071,32.8571428571429,100,7,2.3,88.1666666666667,2.82193618906797,11.8333333333333,97.178063810932,10.9532096168293,99.9356404273713,18.9799295072065,1,0.268909457504425,0.175912570511735,NaN,99.6,84.845274846637,15.1547251533631,3.71,10.9532096168293,89.0467903831707,67.1428571428571,32.8571428571429,0.317460317460317,67.1428571428571,99.6825396825397,95,93.060019595119,46.5707070707071,NaN,NaN,NaN,NaN,NaN,NaN,NaN,NaN,NaN,NaN,NaN,NaN,NaN,NaN
moderate,onoff,30,3VSL-Binary,95.0301053977562,4.96989460224377,198.585628740035,96.46,5.24,52.4,94.76,100,100,0,0,100,100,0,70,0,0,100,21,0,59.2242470530302,2.85873000524942,40.7757529469698,97.1412699947506,44.0623969201546,98.3988495731854,49.9333147703013,NaN,0.210078037677556,0.154734497362048,NaN,95.7,90.1427635190899,9.8572364809101,5.24,44.0623969201546,55.9376030798454,100,0,0,100,100,0,70,0,NaN,NaN,NaN,NaN,NaN,NaN,NaN,NaN,NaN,NaN,NaN,NaN,NaN,NaN
moderate,onoff,30,Beta (BRS),95.2090651360174,4.79093486398263,198.038481522444,96.79,5.24,52.4,94.76,100,100,0,0,100,100,0,70,0,0,100,21,0,59.8966629972822,2.85875640181283,40.1033370027178,97.1412435981872,42.0359175841466,98.5689013833376,48.8069721105276,NaN,0.49711480562762,0.25717365430176,NaN,93.9,93.5191002136807,6.48089978631936,5.24,42.0359175841466,57.9640824158534,100,0,0,100,100,0,70,0,NaN,NaN,NaN,NaN,NaN,NaN,NaN,NaN,NaN,NaN,NaN,NaN,NaN,NaN
moderate,onoff,30,ScalarRep-CumReward,95.1140028555264,4.88599714447364,198.27556152867,96.54,5.24,52.4,94.76,100,100,0,0,100,100,0,70,0,0,100,21,0,58.4718834730033,2.85530344162395,41.5281165269967,97.144696558376,43.3691440665618,98.4009029324557,49.2476574517711,NaN,10.7406901934858,6.400672059519,NaN,93.2,89.5822874305316,10.4177125694684,5.24,43.3691440665618,56.6308559334382,100,0,0,100,100,0,70,0,NaN,NaN,NaN,NaN,NaN,NaN,NaN,NaN,NaN,NaN,NaN,NaN,NaN,NaN
moderate,onoff,30,ScalarRep-EMA,93.1200820997035,6.8799179002965,201.932675673273,92.63,5.24,52.4,94.76,100,100,0,0,100,100,0,70,0,0,100,21,0,54.8843539166527,2.82355673681239,45.1156460833473,97.1764432631876,61.915451338516,96.2353172358825,58.0559264777536,NaN,0.0114203226699594,0.0193579624110469,NaN,82.8,0.137101346310034,99.86289865369,5.24,61.915451338516,38.084548661484,100,0,0,100,100,0,70,0,NaN,NaN,NaN,NaN,NaN,NaN,NaN,NaN,NaN,NaN,NaN,NaN,NaN,NaN
moderate,onoff,30,Threshold-MaxRep,95.5398193575864,4.46018064241357,197.667536581448,98.01,10.08,100.8,89.92,87.2857142857143,99.7959183673469,41.9047619047619,0.204081632653061,58.0952380952381,99.7959183673469,99,80.0659990180466,58.6191601779755,41.9047619047619,100,21,8.8,77.50170967148,2.88569432655114,22.4982903285199,97.1143056734489,36.5706080042169,99.391842657429,48.3673199419953,1,0.22465600612818,0.16542017103726,NaN,96.1,84.6736444543256,15.3263555456744,10.08,36.5706080042169,63.4293919957831,58.0952380952381,41.9047619047619,0.204081632653061,58.0952380952381,99.7959183673469,99,80.0659990180466,58.6191601779755,NaN,NaN,NaN,NaN,NaN,NaN,NaN,NaN,NaN,NaN,NaN,NaN,NaN,NaN
moderate,onoff,30,Threshold-NoTierSel,95.2013773277616,4.79862267223842,198.015093036099,97.55,11.01,110.1,88.99,86.5714285714286,100,44.7619047619047,0,55.2380952380952,100,100,80.898845066378,61.5681944584892,44.7619047619047,100,21,9.4,76.1389226743329,2.87342432932358,23.8610773256671,97.1265756706764,41.1640763778394,99.2053339532395,51.9171076357339,1.31222222222222,0.20894221845374,0.172235278163751,NaN,92.5,78.4047873710166,21.5952126289834,11.01,41.1640763778394,58.8359236221606,55.2380952380952,44.7619047619047,0,55.2380952380952,100,100,80.898845066378,61.5681944584892,NaN,NaN,NaN,NaN,NaN,NaN,NaN,NaN,NaN,NaN,NaN,NaN,NaN,NaN
moderate,onoff,50,3VSL-Binary,84.4178523103931,15.5821476896069,220.418356763437,77.09,7.99,79.9,92.01,100,100,0,0,100,100,0,50,0,0,100,35,0,53.9329373019229,2.87345666070212,46.0670626980772,97.1265433392979,85.4752943523319,86.2873229884912,66.0717023345448,NaN,0.187018435068477,0.156492424242424,NaN,75.1,71.9157096585668,28.0842903414332,7.99,85.4752943523319,14.5247056476681,100,0,0,100,100,0,50,0,NaN,NaN,NaN,NaN,NaN,NaN,NaN,NaN,NaN,NaN,NaN,NaN,NaN,NaN
moderate,onoff,50,Beta (BRS),85.2979741590552,14.7020258409448,219.028677896169,78.77,7.99,79.9,92.01,100,100,0,0,100,100,0,50,0,0,100,35,0,53.8449650299142,2.96202892626971,46.1550349700858,97.0379710737303,83.7304977986029,87.3964101981334,65.4683641757924,NaN,0.454985456637681,0.251347417331294,NaN,72.7,74.6370945738383,25.3629054261617,7.99,83.7304977986029,16.2695022013971,100,0,0,100,100,0,50,0,NaN,NaN,NaN,NaN,NaN,NaN,NaN,NaN,NaN,NaN,NaN,NaN,NaN,NaN
moderate,onoff,50,ScalarRep-CumReward,82.6540165729852,17.3459834270148,223.911150560619,73.57,7.99,79.9,92.01,100,100,0,0,100,100,0,50,0,0,100,35,0,52.9554703797824,2.96900078824389,47.0445296202176,97.0309992117561,87.2341503893637,83.5322907908931,65.8620790583991,NaN,7.98149596112856,6.43493875100257,NaN,66.4,84.8250615592034,15.1749384407966,7.99,87.2341503893637,12.7658496106363,100,0,0,100,100,0,50,0,NaN,NaN,NaN,NaN,NaN,NaN,NaN,NaN,NaN,NaN,NaN,NaN,NaN,NaN
moderate,onoff,50,ScalarRep-EMA,83.3867436298716,16.6132563701284,221.98401074132,75.15,7.99,79.9,92.01,100,100,0,0,100,100,0,50,0,0,100,35,0,53.5289629470234,2.96163158759161,46.4710370529766,97.0383684124084,86.5073739812021,84.8271696500268,66.0934770440929,NaN,0.0595046367240872,0.0535442866376292,NaN,57.6,0.0217984233859663,99.978201576614,7.99,86.5073739812021,13.4926260187979,100,0,0,100,100,0,50,0,NaN,NaN,NaN,NaN,NaN,NaN,NaN,NaN,NaN,NaN,NaN,NaN,NaN,NaN
moderate,onoff,50,Threshold-MaxRep,90.0599337914187,9.94006620858131,208.581803686233,91.32,27.49,274.9,72.51,76.4285714285714,99.4285714285714,46.5714285714286,0.571428571428571,53.4285714285714,99.4285714285714,98.7867647058823,65.1268007488873,63.125967714203,46.5714285714286,100,35,16.3,62.8270004616048,2.9259110051402,37.1729995383952,97.0740889948598,72.4110716764764,94.7658508810409,66.5447562398379,1.89887586613593,0.169730067144531,0.16589606916361,NaN,79,74.4530106588769,25.5469893411231,27.49,72.4110716764764,27.5889283235236,53.4285714285714,46.5714285714286,0.571428571428571,53.4285714285714,99.4285714285714,98.7867647058823,65.1268007488873,63.125967714203,NaN,NaN,NaN,NaN,NaN,NaN,NaN,NaN,NaN,NaN,NaN,NaN,NaN,NaN
moderate,onoff,50,Threshold-NoTierSel,89.9442886783458,10.0557113216542,209.204093164687,91.65,30.02,300.2,69.98,74.7142857142857,98.8571428571428,49.4285714285714,1.14285714285714,50.5714285714286,98.8571428571428,97.7450980392157,66.2198233796458,65.5306403630488,49.4285714285714,100,35,17.3,63.6135448277843,3.01751175803848,36.3864551722157,96.9824882419615,71.4894502399035,94.8151112969805,66.3150293802393,2.29800051599587,0.149036469903204,0.168118463271002,NaN,74.2,73.1708656633167,26.8291343366833,30.02,71.4894502399035,28.5105497600965,50.5714285714286,49.4285714285714,1.14285714285714,50.5714285714286,98.8571428571428,97.7450980392157,66.2198233796458,65.5306403630488,NaN,NaN,NaN,NaN,NaN,NaN,NaN,NaN,NaN,NaN,NaN,NaN,NaN,NaN
xu_aligned,always,0,3VSL-Binary,97.3101234917278,2.68987650827224,198.432940604244,100,0.74,7.4,99.26,100,100,NaN,0,NaN,100,NaN,NaN,NaN,NaN,0,0,0,0,2.68987650827224,0,97.3101234917278,0,100,0,NaN,NaN,NaN,NaN,100,98.9828528264866,1.01714717351342,0.74,0,100,NaN,NaN,0,NaN,100,NaN,NaN,NaN,NaN,NaN,NaN,NaN,NaN,NaN,NaN,NaN,NaN,NaN,NaN,NaN,NaN,NaN
xu_aligned,always,0,Beta (BRS),97.3101234917278,2.68987650827224,198.432940604244,100,0.74,7.4,99.26,100,100,NaN,0,NaN,100,NaN,NaN,NaN,NaN,0,0,0,0,2.68987650827224,0,97.3101234917278,0,100,0,NaN,NaN,NaN,NaN,100,96.3225456665723,3.67745433342774,0.74,0,100,NaN,NaN,0,NaN,100,NaN,NaN,NaN,NaN,NaN,NaN,NaN,NaN,NaN,NaN,NaN,NaN,NaN,NaN,NaN,NaN,NaN
xu_aligned,always,0,ScalarRep-CumReward,97.3101234917278,2.68987650827224,198.432940604244,100,0.74,7.4,99.26,100,100,NaN,0,NaN,100,NaN,NaN,NaN,NaN,0,0,0,0,2.68987650827224,0,97.3101234917278,0,100,0,NaN,NaN,NaN,NaN,100,91.8602080866306,8.1397919133694,0.74,0,100,NaN,NaN,0,NaN,100,NaN,NaN,NaN,NaN,NaN,NaN,NaN,NaN,NaN,NaN,NaN,NaN,NaN,NaN,NaN,NaN,NaN
xu_aligned,always,0,ScalarRep-EMA,97.3101234917278,2.68987650827224,198.432940604244,100,0.74,7.4,99.26,100,100,NaN,0,NaN,100,NaN,NaN,NaN,NaN,0,0,0,0,2.68987650827224,0,97.3101234917278,0,100,0,NaN,NaN,NaN,NaN,100,0.090756960463713,99.9092430395363,0.74,0,100,NaN,NaN,0,NaN,100,NaN,NaN,NaN,NaN,NaN,NaN,NaN,NaN,NaN,NaN,NaN,NaN,NaN,NaN,NaN,NaN,NaN
xu_aligned,always,0,Threshold-MaxRep,97.3101234917278,2.68987650827224,198.432940604244,100,0.74,7.4,99.26,100,100,NaN,0,NaN,100,NaN,NaN,NaN,NaN,0,0,0,0,2.68987650827224,0,97.3101234917278,0,100,0,NaN,NaN,NaN,NaN,100,99.929424450054,0.0705755499460182,0.74,0,100,NaN,NaN,0,NaN,100,NaN,NaN,NaN,NaN,NaN,NaN,NaN,NaN,NaN,NaN,NaN,NaN,NaN,NaN,NaN,NaN,NaN
xu_aligned,always,0,Threshold-NoTierSel,97.3101234917278,2.68987650827224,198.432940604244,100,0.74,7.4,99.26,100,100,NaN,0,NaN,100,NaN,NaN,NaN,NaN,0,0,0,0,2.68987650827224,0,97.3101234917278,0,100,0,NaN,NaN,NaN,NaN,100,99.8688997473851,0.131100252614868,0.74,0,100,NaN,NaN,0,NaN,100,NaN,NaN,NaN,NaN,NaN,NaN,NaN,NaN,NaN,NaN,NaN,NaN,NaN,NaN,NaN,NaN,NaN
xu_aligned,always,10,3VSL-Binary,96.6820559796594,3.31794402034065,196.824721257233,99.9,2.03,20.3,97.97,100,100,0,0,100,100,0,90,0,0,100,7,0,40,3.21847998391621,0,96.7815200160838,3.20271574303832,100,5.78921778921779,NaN,0.303799120509216,0.200491622574956,NaN,100,98.274381176592,1.72561882340797,2.03,3.20271574303832,96.7972842569617,100,0,0,100,100,0,90,0,NaN,NaN,NaN,NaN,NaN,NaN,NaN,NaN,NaN,NaN,NaN,NaN,NaN,NaN
xu_aligned,always,10,Beta (BRS),96.6308775540663,3.36912244593371,196.911940911506,99.85,2.03,20.3,97.97,100,100,0,0,100,100,0,90,0,0,100,7,0,50,3.22019761479221,0,96.7798023852078,4.50650017762771,100,8.05209605209605,NaN,0.590722525536944,0.22752067843336,NaN,99.7,96.263741356771,3.73625864322896,2.03,4.50650017762771,95.4934998223723,100,0,0,100,100,0,90,0,NaN,NaN,NaN,NaN,NaN,NaN,NaN,NaN,NaN,NaN,NaN,NaN,NaN,NaN
xu_aligned,always,10,ScalarRep-CumReward,96.6308775540663,3.36912244593371,196.893922488092,99.85,2.03,20.3,97.97,100,100,0,0,100,100,0,90,0,0,100,7,0,50,3.22019761479221,0,96.7798023852078,4.50650017762771,100,8.05209605209605,NaN,34.495183529516,7.44647057575095,NaN,99.7,91.7112596035946,8.28874039640544,2.03,4.50650017762771,95.4934998223723,100,0,0,100,100,0,90,0,NaN,NaN,NaN,NaN,NaN,NaN,NaN,NaN,NaN,NaN,NaN,NaN,NaN,NaN
xu_aligned,always,10,ScalarRep-EMA,95.5589611162037,4.44103888379627,198.825242166517,98.74,2.03,20.3,97.97,100,100,0,0,100,100,0,90,0,0,100,7,0,100,3.19441091446304,0,96.805589085537,28.8007722693683,100,44.2443229386144,NaN,-0.0105666454695005,0.0186473617801824,NaN,96.3,0.102128434761692,99.8978715652383,2.03,28.8007722693683,71.1992277306317,100,0,0,100,100,0,90,0,NaN,NaN,NaN,NaN,NaN,NaN,NaN,NaN,NaN,NaN,NaN,NaN,NaN,NaN
xu_aligned,always,10,Threshold-MaxRep,96.7019270550581,3.29807294494193,196.778844915637,99.92,2.05,20.5,97.95,98.8571428571429,100,11.4285714285714,0,88.5714285714286,100,40,91.0668397144711,17,11.4285714285714,100,7,0.8,40,3.21847998391621,0,96.7815200160838,2.63013509787703,100,4.86416898181604,1,0.321773268542467,0.21648700443053,NaN,100,99.8772759016738,0.122724098326233,2.05,2.63013509787703,97.369864902123,88.5714285714286,11.4285714285714,0,88.5714285714286,100,40,91.0668397144711,17,NaN,NaN,NaN,NaN,NaN,NaN,NaN,NaN,NaN,NaN,NaN,NaN,NaN,NaN
xu_aligned,always,10,Threshold-NoTierSel,96.5176980002967,3.48230199970326,197.157822595663,99.73,2.07,20.7,97.93,96.1428571428571,100,38.5714285714286,0,61.4285714285714,100,100,93.6356001901675,53.7070707070707,38.5714285714286,100,7,2.7,100,3.21545895246114,0,96.7845410475389,7.88487899778222,100,14.454644085458,1,0.324396005851197,0.253702587100358,NaN,99.6,99.5917738698179,0.408226130182081,2.07,7.88487899778222,92.1151210022178,61.4285714285714,38.5714285714286,0,61.4285714285714,100,100,93.6356001901675,53.7070707070707,NaN,NaN,NaN,NaN,NaN,NaN,NaN,NaN,NaN,NaN,NaN,NaN,NaN,NaN
xu_aligned,always,30,3VSL-Binary,94.1491197429713,5.85088025702866,201.120167782767,97.23,5.46,54.6,94.54,100,100,0,0,100,100,0,70,0,0,100,21,0,100,2.9967282174979,0,97.0032717825021,49.1000872212959,100,65.4062738059955,NaN,0.305334397199935,0.232295513443473,NaN,97.3,95.5262171970385,4.47378280296149,5.46,49.1000872212959,50.8999127787041,100,0,0,100,100,0,70,0,NaN,NaN,NaN,NaN,NaN,NaN,NaN,NaN,NaN,NaN,NaN,NaN,NaN,NaN
xu_aligned,always,30,Beta (BRS),93.7163274331153,6.28367256688474,201.898857643685,96.82,5.46,54.6,94.54,100,100,0,0,100,100,0,70,0,0,100,21,0,100,3.00990861227675,0,96.9900913877233,52.7420396627021,100,68.6759313307368,NaN,0.660442402338806,0.363402034485464,NaN,94,93.7610259039088,6.2389740960912,5.46,52.7420396627021,47.2579603372979,100,0,0,100,100,0,70,0,NaN,NaN,NaN,NaN,NaN,NaN,NaN,NaN,NaN,NaN,NaN,NaN,NaN,NaN
xu_aligned,always,30,ScalarRep-CumReward,93.599968692394,6.40003130760604,202.094284639027,96.71,5.46,54.6,94.54,100,100,0,0,100,100,0,70,0,0,100,21,0,100,3.01322788574937,0,96.9867721142506,53.4885753089232,100,69.2726642008859,NaN,9.61107511757485,6.39442558404959,NaN,93.4,89.6603779071824,10.3396220928176,5.46,53.4885753089232,46.5114246910768,100,0,0,100,100,0,70,0,NaN,NaN,NaN,NaN,NaN,NaN,NaN,NaN,NaN,NaN,NaN,NaN,NaN,NaN
xu_aligned,always,30,ScalarRep-EMA,90.7506859955459,9.24931400445409,207.341830399012,93.91,5.46,54.6,94.54,100,100,0,0,100,100,0,70,0,0,100,21,0,100,2.9836961772102,0,97.0163038227898,69.3826473015023,100,81.8060411997215,NaN,0.0436443484385008,0.0676022131969977,NaN,81.8,0.0631077248791906,99.9368922751208,5.46,69.3826473015023,30.6173526984977,100,0,0,100,100,0,70,0,NaN,NaN,NaN,NaN,NaN,NaN,NaN,NaN,NaN,NaN,NaN,NaN,NaN,NaN
xu_aligned,always,30,Threshold-MaxRep,95.8799692964902,4.12003070350984,197.786421153662,98.93,7.17,71.7,92.83,84.7142857142857,100,50.9523809523809,0,49.0476190476191,100,100,82.7534278256847,66.8803848915329,50.9523809523809,100,21,10.7,100,2.99706118589786,0,97.0029388141021,28.1052519754761,100,43.6192929164688,1,0.319108414113139,0.245641717997017,NaN,97.5,98.7996720253971,1.20032797460287,7.17,28.1052519754761,71.8947480245239,49.0476190476191,50.9523809523809,0,49.0476190476191,100,100,82.7534278256847,66.8803848915329,NaN,NaN,NaN,NaN,NaN,NaN,NaN,NaN,NaN,NaN,NaN,NaN,NaN,NaN
xu_aligned,always,30,Threshold-NoTierSel,95.7748406452764,4.22515935472365,197.865191555133,98.84,7.84,78.4,92.16,83.4285714285714,100,55.2380952380952,0,44.7619047619048,100,100,83.9823712635703,70.82100072731,55.2380952380952,100,21,11.6,100,2.9994618525393,0,97.0005381474607,30.0576949329356,100,46.0243191834664,1,0.321561858700807,0.261312784863308,NaN,93.4,98.7148806566277,1.28511934337225,7.84,30.0576949329356,69.9423050670644,44.7619047619048,55.2380952380952,0,44.7619047619048,100,100,83.9823712635703,70.82100072731,NaN,NaN,NaN,NaN,NaN,NaN,NaN,NaN,NaN,NaN,NaN,NaN,NaN,NaN
xu_aligned,always,50,3VSL-Binary,74.3430619191037,25.6569380808963,237.282355835536,78.62,8.3,83,91.7,100,100,0,0,100,100,0,50,0,0,100,35,0,100,3.11163617566819,0,96.8883638243318,90.3101373219038,100,94.869455014298,NaN,0.312744726654163,0.255083281797567,NaN,77,75.2493620758163,24.7506379241837,8.3,90.3101373219038,9.68986267809617,100,0,0,100,100,0,50,0,NaN,NaN,NaN,NaN,NaN,NaN,NaN,NaN,NaN,NaN,NaN,NaN,NaN,NaN
xu_aligned,always,50,Beta (BRS),73.8198290669227,26.1801709330773,238.325785375101,78.13,8.3,83,91.7,100,100,0,0,100,100,0,50,0,0,100,35,0,100,3.12029387793259,0,96.8797061220674,90.5780302634452,100,95.0226474828325,NaN,0.758279036604975,0.45639582213471,NaN,72.1,73.8652608504944,26.1347391495056,8.3,90.5780302634452,9.42196973655477,100,0,0,100,100,0,50,0,NaN,NaN,NaN,NaN,NaN,NaN,NaN,NaN,NaN,NaN,NaN,NaN,NaN,NaN
xu_aligned,always,50,ScalarRep-CumReward,73.0044945383342,26.9955054616658,239.934111258605,77.32,8.3,83,91.7,100,100,0,0,100,100,0,50,0,0,100,35,0,100,3.06085410933013,0,96.9391458906699,91.0298821635838,100,95.2662244489308,NaN,8.17853227708948,6.79546377908815,NaN,68.4,69.8838789026782,30.1161210973218,8.3,91.0298821635838,8.97011783641615,100,0,0,100,100,0,50,0,NaN,NaN,NaN,NaN,NaN,NaN,NaN,NaN,NaN,NaN,NaN,NaN,NaN,NaN
xu_aligned,always,50,ScalarRep-EMA,72.0630590034698,27.9369409965302,241.67108944037,76.47,8.3,83,91.7,100,100,0,0,100,100,0,50,0,0,100,35,0,100,3.12276601239161,0,96.8772339876084,91.4033859077508,100,95.4815248225831,NaN,0.138006581102244,0.0881574547006054,NaN,61.4,0.0214822771213749,99.9785177228786,8.3,91.4033859077508,8.59661409224915,100,0,0,100,100,0,50,0,NaN,NaN,NaN,NaN,NaN,NaN,NaN,NaN,NaN,NaN,NaN,NaN,NaN,NaN
xu_aligned,always,50,Threshold-MaxRep,94.459445258425,5.54055474157503,200.548323955802,98.21,27.91,279.1,72.09,74.4285714285714,100,51.1428571428571,0,48.8571428571428,100,100,67.3159300150363,67.3966772221489,51.1428571428571,100,35,17.9,100,3.1125092193973,0,96.8874907806027,45.9742121689519,100,62.5343707042285,1,0.315029757362927,0.252503784016544,NaN,84.9,97.3936233994863,2.6063766005137,27.91,45.9742121689519,54.0257878310481,48.8571428571428,51.1428571428571,0,48.8571428571428,100,100,67.3159300150363,67.3966772221489,NaN,NaN,NaN,NaN,NaN,NaN,NaN,NaN,NaN,NaN,NaN,NaN,NaN,NaN
xu_aligned,always,50,Threshold-NoTierSel,94.4526544830632,5.54734551693684,200.062201011266,98.21,28.52,285.2,71.48,74.4285714285714,100,51.1428571428571,0,48.8571428571428,100,100,67.3159300150363,67.3966772221489,51.1428571428571,100,35,17.9,100,3.09788893159741,0,96.9021110684026,46.2217578666622,100,62.7972413042067,1,0.315524121914523,0.257069430113969,NaN,83.4,97.3714689669295,2.62853103307051,28.52,46.2217578666622,53.7782421333378,48.8571428571428,51.1428571428571,0,48.8571428571428,100,100,67.3159300150363,67.3966772221489,NaN,NaN,NaN,NaN,NaN,NaN,NaN,NaN,NaN,NaN,NaN,NaN,NaN,NaN
xu_aligned,firsthalf,0,3VSL-Binary,96.8563145977189,3.1436854022811,197.343006000936,100,0.77,7.7,99.23,100,100,NaN,0,NaN,100,NaN,NaN,NaN,NaN,0,0,0,0,3.14368540228109,0,96.8563145977189,0,100,0,NaN,NaN,NaN,NaN,100,98.720527525766,1.27947247423398,0.77,0,100,NaN,NaN,0,NaN,100,NaN,NaN,NaN,96.06,100,96.16,100,-0.100000000000001,0,0,0,NaN,100,100,0,NaN,NaN
xu_aligned,firsthalf,0,Beta (BRS),96.8563145977189,3.1436854022811,197.343006000936,100,0.77,7.7,99.23,100,100,NaN,0,NaN,100,NaN,NaN,NaN,NaN,0,0,0,0,3.14368540228109,0,96.8563145977189,0,100,0,NaN,NaN,NaN,NaN,100,96.3013396893814,3.69866031061866,0.77,0,100,NaN,NaN,0,NaN,100,NaN,NaN,NaN,96.06,100,96.16,100,-0.100000000000001,0,0,0,NaN,100,100,0,NaN,NaN
xu_aligned,firsthalf,0,ScalarRep-CumReward,96.8563145977189,3.1436854022811,197.343006000936,100,0.77,7.7,99.23,100,100,NaN,0,NaN,100,NaN,NaN,NaN,NaN,0,0,0,0,3.14368540228109,0,96.8563145977189,0,100,0,NaN,NaN,NaN,NaN,100,91.7663963382934,8.23360366170661,0.77,0,100,NaN,NaN,0,NaN,100,NaN,NaN,NaN,96.06,100,96.16,100,-0.100000000000001,0,0,0,NaN,100,100,0,NaN,NaN
xu_aligned,firsthalf,0,ScalarRep-EMA,96.8563145977189,3.1436854022811,197.343006000936,100,0.77,7.7,99.23,100,100,NaN,0,NaN,100,NaN,NaN,NaN,NaN,0,0,0,0,3.14368540228109,0,96.8563145977189,0,100,0,NaN,NaN,NaN,NaN,100,0.12086793631211,99.8791320636879,0.77,0,100,NaN,NaN,0,NaN,100,NaN,NaN,NaN,96.06,100,96.16,100,-0.100000000000001,0,0,0,NaN,100,100,0,NaN,NaN
xu_aligned,firsthalf,0,Threshold-MaxRep,96.8563145977189,3.1436854022811,197.343006000936,100,0.77,7.7,99.23,100,100,NaN,0,NaN,100,NaN,NaN,NaN,NaN,0,0,0,0,3.14368540228109,0,96.8563145977189,0,100,0,NaN,NaN,NaN,NaN,100,99.919283324784,0.0807166752159958,0.77,0,100,NaN,NaN,0,NaN,100,NaN,NaN,NaN,96.06,100,96.16,100,-0.100000000000001,0,0,0,NaN,100,100,0,NaN,NaN
xu_aligned,firsthalf,0,Threshold-NoTierSel,96.8563145977189,3.1436854022811,197.343006000936,100,0.77,7.7,99.23,100,100,NaN,0,NaN,100,NaN,NaN,NaN,NaN,0,0,0,0,3.14368540228109,0,96.8563145977189,0,100,0,NaN,NaN,NaN,NaN,100,99.9092938236884,0.0907061763116417,0.77,0,100,NaN,NaN,0,NaN,100,NaN,NaN,NaN,96.06,100,96.16,100,-0.100000000000001,0,0,0,NaN,100,100,0,NaN,NaN
xu_aligned,firsthalf,10,3VSL-Binary,96.99672181269,3.00327818731003,196.741722161196,99.88,1.74,17.4,98.26,100,100,0,0,100,100,0,90,0,0,100,7,0,50,2.92536334107011,20,97.0746366589299,2.73498879894875,99.9581477674085,5.11612576064909,NaN,0.263349598674085,0.195349355230308,NaN,99.9,98.5028006041082,1.49719939589177,1.74,2.73498879894875,97.2650112010512,100,0,0,100,100,0,90,0,95.32,99.92,95.3,99.84,0.0199999999999989,0.0800000000000011,0.4,0.8,0.833333333333333,99.8,99.9,0.1,NaN,17.1333333333333
xu_aligned,firsthalf,10,Beta (BRS),96.9763344528531,3.02366554714693,196.786945395931,99.82,1.74,17.4,98.26,100,100,0,0,100,100,0,90,0,0,100,7,0,50.8333333333333,2.92718200452264,29.1666666666667,97.0728179954774,3.30633433803623,99.9160752212256,6.04690978903124,NaN,0.426026108208674,0.208176987983976,NaN,99.6,96.2548698973444,3.74513010265561,1.74,3.30633433803623,96.6936656619638,100,0,0,100,100,0,90,0,95.32,99.84,95.26,99.8,0.059999999999998,0.0399999999999991,0.8,1,1.1,99.7,99.9,0.2,NaN,18.7333333333333
xu_aligned,firsthalf,10,ScalarRep-CumReward,96.9763344528531,3.02366554714693,196.786945395931,99.82,1.74,17.4,98.26,100,100,0,0,100,100,0,90,0,0,100,7,0,50.8333333333333,2.92718200452264,29.1666666666667,97.0728179954774,3.30633433803623,99.9160752212256,6.04690978903124,NaN,10.8293789892849,5.18556008498654,NaN,99.6,91.5839709144602,8.41602908553985,1.74,3.30633433803623,96.6936656619638,100,0,0,100,100,0,90,0,95.32,99.84,95.26,99.8,0.059999999999998,0.0399999999999991,0.8,1,1.1,99.7,99.9,0.2,NaN,18.7333333333333
xu_aligned,firsthalf,10,ScalarRep-EMA,96.5892802104952,3.4107197895048,197.421359580423,97.54,1.74,17.4,98.26,100,100,0,0,100,100,0,90,0,0,100,7,0,21.4152411301903,2.96522700921495,78.5847588698097,97.0347729907851,15.2137226082459,97.9414621111337,16.8856135218172,NaN,-0.0429583223083419,-0.0148461937175048,NaN,98.1,0.081509583776686,99.9184904162233,1.74,15.2137226082459,84.7862773917541,100,0,0,100,100,0,90,0,95.32,96.04,94.5,99.04,0.819999999999999,-3,19.8,4.8,0.260324675324675,97.3,99.4,2.1,NaN,9.20541125541126
xu_aligned,firsthalf,10,Threshold-MaxRep,96.99672181269,3.00327818731003,196.741722161196,99.88,1.74,17.4,98.26,98.8571428571429,100,11.4285714285714,0,88.5714285714286,100,60,91.0511508951407,18.8888888888889,11.4285714285714,100,7,0.8,50,2.92536334107011,20,97.0746366589299,2.73498879894875,99.9581477674085,5.11612576064909,1.16666666666667,0.303209572637477,0.216228680985587,NaN,99.9,99.8474756197251,0.152524380274917,1.74,2.73498879894875,97.2650112010512,88.5714285714286,11.4285714285714,0,88.5714285714286,100,60,91.0511508951407,18.8888888888889,95.32,99.92,95.3,99.84,0.0199999999999989,0.0800000000000011,0.4,0.8,0.833333333333333,99.8,99.9,0.1,213.25,33.8888888888889
xu_aligned,firsthalf,10,Threshold-NoTierSel,96.9560607742666,3.04393922573338,196.803087130212,99.7,1.74,17.4,98.26,98.2857142857143,100,17.1428571428571,0,82.8571428571429,100,70,91.5924151620415,26.4444444444444,17.1428571428571,100,7,1.2,40,2.93048165078599,50,97.069518349214,4.18859097891356,99.8110174022775,7.34704269744838,1.42857142857143,0.288949179387535,0.243529315320631,NaN,99.8,99.6233773143265,0.376622685673468,1.74,4.18859097891356,95.8114090210864,82.8571428571429,17.1428571428571,0,82.8571428571429,100,70,91.5924151620415,26.4444444444444,95.32,99.64,95.22,99.76,0.0999999999999986,-0.119999999999997,1.8,1.2,0.523809523809524,99.7,99.8,0.1,217.071428571429,28.215873015873
xu_aligned,firsthalf,30,3VSL-Binary,95.7869633252382,4.2130366747618,199.511587290972,97.31,5.56,55.6,94.44,100,100,0,0,100,100,0,70,0,0,100,21,0,48.7989733238609,2.92837242072058,51.2010266761391,97.0716275792794,32.7022606942625,98.4514851248453,38.3685366512392,NaN,0.229951541540591,0.21825827517154,NaN,96.6,95.3936964973636,4.60630350263641,5.56,32.7022606942625,67.2977393057375,100,0,0,100,100,0,70,0,91.5,97.14,89.42,97.48,2.08,-0.339999999999996,14.3,12.6,0.944187691393574,97.3,97.1,-0.2,NaN,19.0697948565596
xu_aligned,firsthalf,30,Beta (BRS),95.4056869603978,4.59431303960216,200.162561604949,95.23,5.56,55.6,94.44,100,100,0,0,100,100,0,70,0,0,100,21,0,35.3397734648948,2.95037079416975,64.6602265351053,97.0496292058303,38.960988529316,96.5777734642028,36.5465266475667,NaN,0.201931371804638,0.193182952820645,NaN,90.5,95.5949199165545,4.40508008344552,5.56,38.960988529316,61.039011470684,100,0,0,100,100,0,70,0,91.5,93.7,88.7,96.76,2.8,-3.06,31.5,16.2,0.516271806998887,96,96.9,0.9,NaN,12.6711967833148
xu_aligned,firsthalf,30,ScalarRep-CumReward,95.4059631925,4.59403680749999,200.250403294647,95.36,5.56,55.6,94.44,100,100,0,0,100,100,0,70,0,0,100,21,0,37.0173468354631,2.93460962982773,62.9826531645369,97.0653903701723,39.5265219802685,96.7349612755231,37.7051089847682,NaN,9.76417045482725,5.86593347911369,NaN,90.8,90.3108767159686,9.68912328403138,5.56,39.5265219802685,60.4734780197315,100,0,0,100,100,0,70,0,91.5,93.98,88.7,96.74,2.8,-2.76,30.1,16.3,0.557659633476696,96.5,96.9,0.4,NaN,13.0276605579449
xu_aligned,firsthalf,30,ScalarRep-EMA,94.8328208557266,5.1671791442734,201.10071456304,87.41,5.56,55.6,94.44,100,100,0,0,100,100,0,70,0,0,100,21,0,19.9309780151798,2.90001725215082,80.0690219848201,97.0999827478492,51.2956584624572,88.7269297864324,28.5113424658475,NaN,-0.0142736552856115,0.0262066102213906,NaN,80,0.11672806116025,99.8832719388397,5.56,51.2956584624572,48.7043415375428,100,0,0,100,100,0,70,0,91.5,79.16,87.62,95.66,3.88000000000001,-16.5,104.2,21.7,0.208557903545072,90.8,96.7,5.9,NaN,10.8759650590845
xu_aligned,firsthalf,30,Threshold-MaxRep,96.5607173111237,3.43928268887635,198.068739951009,98.35,6.47,64.7,93.53,92.5714285714286,100,24.7619047619048,0,75.2380952380952,100,100,75.638378982129,39.4290598290598,24.7619047619048,100,21,5.2,32.8728632478632,2.9342669354349,67.1271367521367,97.0657330645651,16.5521774147149,98.7473947026782,21.5330914863665,1.72166666666667,0.278058514787573,0.235864496549024,NaN,96.6,98.1051729445766,1.89482705542338,6.47,16.5521774147149,83.4478225852851,75.2380952380952,24.7619047619048,0,75.2380952380952,100,100,75.638378982129,39.4290598290598,91.1,97.72,89.52,98.98,1.58,-1.26,11.4,5.1,0.503901515151515,98.8,99.4,0.6,194.322142857143,34.049310966811
xu_aligned,firsthalf,30,Threshold-NoTierSel,96.9176619893184,3.08233801068159,197.270016331149,98.01,7.34,73.4,92.66,97.1428571428572,100,9.52380952380952,0,90.4761904761905,100,90,72.0839125692162,16.8446640316206,9.52380952380952,100,21,2,10.6550297311907,2.92933326078218,89.3449702688093,97.0706667392178,6.90083185131947,98.0046885606717,8.16376247468684,1.69444444444444,0.268671513656776,0.243701789233618,NaN,92.4,97.7307277678014,2.2692722321986,7.34,6.90083185131947,93.0991681486805,90.4761904761905,9.52380952380952,0,90.4761904761905,100,90,72.0839125692162,16.8446640316206,90.26,96.34,89.34,99.68,0.919999999999999,-3.34,18.3,1.6,0.0970768379815694,99.3,99.9,0.6,148.777777777778,17.8579472996928
xu_aligned,firsthalf,50,3VSL-Binary,84.4479475768938,15.5520524231062,219.383582133571,74.81,7.8,78,92.2,100,100,0,0,100,100,0,50,0,0,100,35,0,49.3276184076604,2.8400704661959,50.6723815923396,97.1599295338041,85.9150430956429,83.42366457323,62.625041648336,NaN,0.224957957738637,0.241868326118326,NaN,73.8,72.910867187347,27.089132812653,7.8,85.9150430956429,14.0849569043571,100,0,0,100,100,0,50,0,90,73.86,65.74,75.76,24.26,-1.9,130.7,121.2,0.929106812387031,76,75.9,-0.1,NaN,19.9251135397839
xu_aligned,firsthalf,50,Beta (BRS),81.4008989723228,18.5991010276772,224.824447555801,56.4,7.8,78,92.2,100,100,0,0,100,100,0,50,0,0,100,35,0,35.862518950854,2.82126782743021,64.137481049146,97.1787321725698,91.382398285339,62.5881818846403,51.4917023572267,NaN,0.0816769719090352,0.16269038159856,NaN,45.5,94.7186643244471,5.28133567555292,7.8,91.382398285339,8.61760171466102,100,0,0,100,100,0,50,0,90,42.92,60.12,69.88,29.88,-26.96,285.4,150.6,0.523020035766295,57.4,75.6,18.2,NaN,32.7836672627716
xu_aligned,firsthalf,50,ScalarRep-CumReward,68.7561539890072,31.2438460109928,248.110541350748,43.15,7.8,78,92.2,100,100,0,0,100,100,0,50,0,0,100,35,0,48.8347808569045,2.84445168913389,51.1652191430955,97.1555483108661,96.3119975842814,53.5491125707461,64.8030278818915,NaN,0.0970663726001032,0.802330428178501,NaN,42,89.2367680757624,10.7632319242376,7.8,96.3119975842814,3.68800241571857,100,0,0,100,100,0,50,0,90,40.42,36.82,45.88,53.18,-5.46,297.9,270.6,0.906840503531258,39.5,51.5,12,NaN,54.8078384672383
xu_aligned,firsthalf,50,ScalarRep-EMA,83.3869779020359,16.6130220979641,221.232292425739,61.56,7.8,78,92.2,100,100,0,0,100,100,0,50,0,0,100,35,0,35.5376898371095,2.91979207406324,64.4623101628905,97.0802079259367,89.2724611551633,67.6607094607746,50.8146834996878,NaN,0.035440060463551,0.125851971420138,NaN,49.3,0.174076030284669,99.8259239697153,7.8,89.2724611551633,10.7275388448367,100,0,0,100,100,0,50,0,90,49.4,63.78,73.72,26.22,-24.32,253,131.4,0.515172163840376,66.6,75.9,9.3,NaN,22.8128693973396
xu_aligned,firsthalf,50,Threshold-MaxRep,97.1855734940926,2.8144265059074,195.200692560092,96.02,28.43,284.3,71.57,98.2857142857143,100,3.42857142857143,0,96.5714285714286,100,60,50.896124336022,6.32882882882883,3.42857142857143,100,35,1.2,3.38351506654024,2.81353968515251,96.6164849334598,97.1864603148475,6.02948788210937,94.3486287171624,4.24067827333956,1.35,0.262252302172151,0.227700995017349,NaN,77.4,94.2893370032359,5.71066299676414,28.43,6.02948788210937,93.9705121178906,96.5714285714286,3.42857142857143,0,96.5714285714286,100,60,50.896124336022,6.32882882882883,73.18,92.06,65.92,99.98,7.26,-7.92,39.7,0.1,0.00333333333333333,99.9,100,0.1,50,3.90888888888889
xu_aligned,firsthalf,50,Threshold-NoTierSel,97.1920701981862,2.80792980181381,195.196618497813,96.03,29.9,299,70.1,98.7142857142857,100,2.57142857142857,0,97.4285714285714,100,60,50.6607944930081,4.88225067172436,2.57142857142857,100,35,0.9,2.41287325315649,2.8453151253201,97.5871267468435,97.1546848746799,5.36825599805139,94.1989362055025,3.2835557299843,1.25,0.260951054291006,0.231783595684116,NaN,69.4,94.1472870905686,5.85271290943137,29.9,5.36825599805139,94.6317440019486,97.4285714285714,2.57142857142857,0,97.4285714285714,100,60,50.6607944930081,4.88225067172436,70.34,92.06,65.92,100,4.42,-7.94,39.7,0,0,100,100,0,NaN,3.46666666666667
xu_aligned,onoff,0,3VSL-Binary,96.9683691095321,3.03163089046789,195.102151633565,100,0.71,7.1,99.29,100,100,NaN,0,NaN,100,NaN,NaN,NaN,NaN,0,0,0,0,3.03163089046789,0,96.9683691095321,0,100,0,NaN,NaN,NaN,NaN,100,98.6301765201456,1.36982347985437,0.71,0,100,NaN,NaN,0,NaN,100,NaN,NaN,NaN,NaN,NaN,NaN,NaN,NaN,NaN,NaN,NaN,NaN,NaN,NaN,NaN,NaN,NaN
xu_aligned,onoff,0,Beta (BRS),96.9683691095321,3.03163089046789,195.102151633565,100,0.71,7.1,99.29,100,100,NaN,0,NaN,100,NaN,NaN,NaN,NaN,0,0,0,0,3.03163089046789,0,96.9683691095321,0,100,0,NaN,NaN,NaN,NaN,100,96.3438548186633,3.65614518133669,0.71,0,100,NaN,NaN,0,NaN,100,NaN,NaN,NaN,NaN,NaN,NaN,NaN,NaN,NaN,NaN,NaN,NaN,NaN,NaN,NaN,NaN,NaN
xu_aligned,onoff,0,ScalarRep-CumReward,96.9683691095321,3.03163089046789,195.102151633565,100,0.71,7.1,99.29,100,100,NaN,0,NaN,100,NaN,NaN,NaN,NaN,0,0,0,0,3.03163089046789,0,96.9683691095321,0,100,0,NaN,NaN,NaN,NaN,100,91.9729869532155,8.02701304678455,0.71,0,100,NaN,NaN,0,NaN,100,NaN,NaN,NaN,NaN,NaN,NaN,NaN,NaN,NaN,NaN,NaN,NaN,NaN,NaN,NaN,NaN,NaN
xu_aligned,onoff,0,ScalarRep-EMA,96.9683691095321,3.03163089046789,195.102151633565,100,0.71,7.1,99.29,100,100,NaN,0,NaN,100,NaN,NaN,NaN,NaN,0,0,0,0,3.03163089046789,0,96.9683691095321,0,100,0,NaN,NaN,NaN,NaN,100,0.181442034362705,99.8185579656373,0.71,0,100,NaN,NaN,0,NaN,100,NaN,NaN,NaN,NaN,NaN,NaN,NaN,NaN,NaN,NaN,NaN,NaN,NaN,NaN,NaN,NaN,NaN
xu_aligned,onoff,0,Threshold-MaxRep,96.9683691095321,3.03163089046789,195.102151633565,100,0.71,7.1,99.29,100,100,NaN,0,NaN,100,NaN,NaN,NaN,NaN,0,0,0,0,3.03163089046789,0,96.9683691095321,0,100,0,NaN,NaN,NaN,NaN,100,99.8891940760307,0.110805923969245,0.71,0,100,NaN,NaN,0,NaN,100,NaN,NaN,NaN,NaN,NaN,NaN,NaN,NaN,NaN,NaN,NaN,NaN,NaN,NaN,NaN,NaN,NaN
xu_aligned,onoff,0,Threshold-NoTierSel,96.9683691095321,3.03163089046789,195.102151633565,100,0.71,7.1,99.29,100,100,NaN,0,NaN,100,NaN,NaN,NaN,NaN,0,0,0,0,3.03163089046789,0,96.9683691095321,0,100,0,NaN,NaN,NaN,NaN,100,99.8791130831313,0.120886916868695,0.71,0,100,NaN,NaN,0,NaN,100,NaN,NaN,NaN,NaN,NaN,NaN,NaN,NaN,NaN,NaN,NaN,NaN,NaN,NaN,NaN,NaN,NaN
xu_aligned,onoff,10,3VSL-Binary,96.8918134639692,3.10818653603082,196.240772206077,99.89,2.21,22.1,97.79,100,100,0,0,100,100,0,90,0,0,100,7,0,52.5,3.0197076382522,7.5,96.9802923617478,2.91692466460268,99.9788351256286,5.45807239355626,NaN,0.285765228730738,0.195502845919513,NaN,100,98.4049500987419,1.59504990125809,2.21,2.91692466460268,97.0830753353973,100,0,0,100,100,0,90,0,NaN,NaN,NaN,NaN,NaN,NaN,NaN,NaN,NaN,NaN,NaN,NaN,NaN,NaN
xu_aligned,onoff,10,Beta (BRS),96.8303379895971,3.16966201040292,196.333367432751,99.82,2.21,22.1,97.79,100,100,0,0,100,100,0,90,0,0,100,7,0,63,3.01149797046252,7,96.9885020295375,5.11830085632268,99.9788237720815,9.27485104501234,NaN,0.564925674729818,0.226156811318117,NaN,99.6,96.2371079249102,3.76289207508977,2.21,5.11830085632268,94.8816991436773,100,0,0,100,100,0,90,0,NaN,NaN,NaN,NaN,NaN,NaN,NaN,NaN,NaN,NaN,NaN,NaN,NaN,NaN
xu_aligned,onoff,10,ScalarRep-CumReward,96.8405943998535,3.15940560014651,196.330724495386,99.83,2.21,22.1,97.79,100,100,0,0,100,100,0,90,0,0,100,7,0,63,3.01126487319314,7,96.9887351268068,4.77983931786114,99.9788237720815,8.75104152120281,NaN,14.5557096620307,8.55076637507491,NaN,99.7,91.6260972375495,8.37390276245047,2.21,4.77983931786114,95.2201606821389,100,0,0,100,100,0,90,0,NaN,NaN,NaN,NaN,NaN,NaN,NaN,NaN,NaN,NaN,NaN,NaN,NaN,NaN
xu_aligned,onoff,10,ScalarRep-EMA,95.8065091809157,4.19349081908431,198.29953512555,98,2.21,22.1,97.79,100,100,0,0,100,100,0,90,0,0,100,7,0,52.6916270004505,3.05850666151485,37.3083729995495,96.9414933384852,27.3220353426235,99.111034455261,35.4924810838674,NaN,-0.00465782289486205,0.0240871768848391,NaN,96.4,0.0614558512860177,99.938544148714,2.21,27.3220353426235,72.6779646573765,100,0,0,100,100,0,90,0,NaN,NaN,NaN,NaN,NaN,NaN,NaN,NaN,NaN,NaN,NaN,NaN,NaN,NaN
xu_aligned,onoff,10,Threshold-MaxRep,96.8910641636671,3.10893583633287,196.246749648133,99.91,2.23,22.3,97.77,98.7142857142857,100,12.8571428571429,0,87.1428571428571,100,60,91.1894300874146,20.4444444444444,12.8571428571429,100,7,0.9,60,3.0197076382522,0,96.9802923617478,2.91692466460268,100,5.50878861500419,1,0.322667108113135,0.216845510338796,NaN,100,99.815863416234,0.184136583766056,2.23,2.91692466460268,97.0830753353973,87.1428571428571,12.8571428571429,0,87.1428571428571,100,60,91.1894300874146,20.4444444444444,NaN,NaN,NaN,NaN,NaN,NaN,NaN,NaN,NaN,NaN,NaN,NaN,NaN,NaN
xu_aligned,onoff,10,Threshold-NoTierSel,96.7469524836955,3.25304751630455,196.49825692837,99.77,2.25,22.5,97.75,96.7142857142857,100,32.8571428571428,0,67.1428571428571,100,80,93.1319335879889,43.2762237762238,32.8571428571428,100,7,2.3,80,3.02459071255069,0,96.9754092874493,7.12532081428077,100,12.7064957787408,1,0.325422472815272,0.24877093942399,NaN,99.4,99.6824765171976,0.317523482802407,2.25,7.12532081428077,92.8746791857192,67.1428571428571,32.8571428571428,0,67.1428571428571,100,80,93.1319335879889,43.2762237762238,NaN,NaN,NaN,NaN,NaN,NaN,NaN,NaN,NaN,NaN,NaN,NaN,NaN,NaN
xu_aligned,onoff,30,3VSL-Binary,95.2077357045955,4.79226429540444,199.804140095741,96.82,5.8,58,94.2,100,100,0,0,100,100,0,70,0,0,100,21,0,60.5344066375462,2.84517902924084,39.4655933624538,97.1548209707592,41.6896883639326,98.5879155482177,48.7283066909192,NaN,0.247861252475275,0.202141470585348,NaN,96.4,95.0341925617788,4.96580743822123,5.8,41.6896883639326,58.3103116360674,100,0,0,100,100,0,70,0,NaN,NaN,NaN,NaN,NaN,NaN,NaN,NaN,NaN,NaN,NaN,NaN,NaN,NaN
xu_aligned,onoff,30,Beta (BRS),95.0695211616864,4.93047883831366,200.058498142714,96.47,5.8,58,94.2,100,100,0,0,100,100,0,70,0,0,100,21,0,58.8721773522734,2.8564458192069,41.1278226477266,97.1435541807931,43.480840215887,98.3383362861211,49.3899142475384,NaN,0.493022706478895,0.251759679478509,NaN,93,93.4093883493676,6.59061165063244,5.8,43.480840215887,56.519159784113,100,0,0,100,100,0,70,0,NaN,NaN,NaN,NaN,NaN,NaN,NaN,NaN,NaN,NaN,NaN,NaN,NaN,NaN
xu_aligned,onoff,30,ScalarRep-CumReward,94.7170154284466,5.28298457155337,200.762190788316,95.95,5.8,58,94.2,100,100,0,0,100,100,0,70,0,0,100,21,0,59.0628746795409,2.87341098333713,40.9371253204591,97.1265890166629,46.6984299388071,98.1156656412422,51.588488885838,NaN,9.89076135584059,5.93995279954513,NaN,92,89.4854911896367,10.5145088103633,5.8,46.6984299388071,53.3015700611929,100,0,0,100,100,0,70,0,NaN,NaN,NaN,NaN,NaN,NaN,NaN,NaN,NaN,NaN,NaN,NaN,NaN,NaN
xu_aligned,onoff,30,ScalarRep-EMA,92.4451516916592,7.55484830834083,204.951144597407,91.54,5.8,58,94.2,100,100,0,0,100,100,0,70,0,0,100,21,0,55.0258049345394,2.86906972080531,44.9741950654606,97.1309302791947,64.981017788219,95.6078820060764,59.4531696735104,NaN,0.0148594297780392,0.0467810588727436,NaN,81.1,0.0956926119258333,99.9043073880742,5.8,64.981017788219,35.018982211781,100,0,0,100,100,0,70,0,NaN,NaN,NaN,NaN,NaN,NaN,NaN,NaN,NaN,NaN,NaN,NaN,NaN,NaN
xu_aligned,onoff,30,Threshold-MaxRep,96.014000429126,3.98599957087399,198.229652562066,98.92,7.84,78.4,92.16,84.5714285714286,100,51.4285714285714,0,48.5714285714286,100,100,82.8884575915714,67.1983168397976,51.4285714285714,100,21,10.8,100,2.84314536553209,0,97.1568546344679,29.4128043804301,100,45.1630868447077,1,0.320138635335935,0.24652583091812,NaN,96.7,98.7693166421274,1.23068335787262,7.84,29.4128043804301,70.5871956195699,48.5714285714286,51.4285714285714,0,48.5714285714286,100,100,82.8884575915714,67.1983168397976,NaN,NaN,NaN,NaN,NaN,NaN,NaN,NaN,NaN,NaN,NaN,NaN,NaN,NaN
xu_aligned,onoff,30,Threshold-NoTierSel,95.9120979458744,4.08790205412564,198.436548713987,98.83,8.44,84.4,91.56,83.2857142857143,100,55.7142857142857,0,44.2857142857143,100,100,84.1208604102024,71.179825474532,55.7142857142857,100,21,11.7,100,2.84261848348949,0,97.1573815165105,31.4160842709436,100,47.6383129339014,1,0.321162337573993,0.260344013155374,NaN,93.7,98.653309819395,1.34669018060498,8.44,31.4160842709436,68.5839157290564,44.2857142857143,55.7142857142857,0,44.2857142857143,100,100,84.1208604102024,71.179825474532,NaN,NaN,NaN,NaN,NaN,NaN,NaN,NaN,NaN,NaN,NaN,NaN,NaN,NaN
xu_aligned,onoff,50,3VSL-Binary,83.455591913352,16.544408086648,220.593743339696,75.77,8.08,80.8,91.92,100,100,0,0,100,100,0,50,0,0,100,35,0,54.1811855609469,3.11065085970659,45.8188144390531,96.8893491402934,85.8865883462712,85.4303874278039,66.4036173676979,NaN,0.239247933471064,0.215035095856524,NaN,76,73.0086075432194,26.9913924567806,8.08,85.8865883462712,14.1134116537288,100,0,0,100,100,0,50,0,NaN,NaN,NaN,NaN,NaN,NaN,NaN,NaN,NaN,NaN,NaN,NaN,NaN,NaN
xu_aligned,onoff,50,Beta (BRS),83.1483951075143,16.8516048924857,221.405549848498,75.04,8.08,80.8,91.92,100,100,0,0,100,100,0,50,0,0,100,35,0,53.9491070095629,3.06947341813255,46.0508929904371,96.9305265818674,86.4663184661383,84.8485311885541,66.3985617786021,NaN,0.451566809898719,0.242037217051088,NaN,69.2,70.6907058813009,29.3092941186991,8.08,86.4663184661383,13.5336815338617,100,0,0,100,100,0,50,0,NaN,NaN,NaN,NaN,NaN,NaN,NaN,NaN,NaN,NaN,NaN,NaN,NaN,NaN
xu_aligned,onoff,50,ScalarRep-CumReward,79.2676841163587,20.7323158836413,228.525429901524,67.4,8.08,80.8,91.92,100,100,0,0,100,100,0,50,0,0,100,35,0,52.7635164149807,3.15162777167418,47.2364835850193,96.8483722283258,89.6059087053849,78.5506176245697,66.3840376484933,NaN,4.27862476460769,3.66236880135168,NaN,60.7,84.5391302188464,15.4608697811536,8.08,89.6059087053849,10.3940912946151,100,0,0,100,100,0,50,0,NaN,NaN,NaN,NaN,NaN,NaN,NaN,NaN,NaN,NaN,NaN,NaN,NaN,NaN
xu_aligned,onoff,50,ScalarRep-EMA,81.2121566851909,18.7878433148091,224.906544639181,71.36,8.08,80.8,91.92,100,100,0,0,100,100,0,50,0,0,100,35,0,53.5595825645782,3.09013604518374,46.4404174354218,96.9098639548163,88.5236395281326,82.0800292083344,66.7136678083338,NaN,0.0633096142031925,0.0736401419556754,NaN,56.7,0.0653568581918708,99.9346431418081,8.08,88.5236395281326,11.4763604718674,100,0,0,100,100,0,50,0,NaN,NaN,NaN,NaN,NaN,NaN,NaN,NaN,NaN,NaN,NaN,NaN,NaN,NaN
xu_aligned,onoff,50,Threshold-MaxRep,94.1831689865341,5.81683101346593,200.502556297434,98.06,30.18,301.8,69.82,72.2857142857143,100,55.4285714285714,0,44.5714285714286,100,100,69.2421597085859,71.2096353754745,55.4285714285714,100,35,19.4,100,3.10119492016293,0,96.8988050798371,48.6807573306429,100,65.2011797417162,1,0.315796921727593,0.251161754443678,NaN,85,97.067750801258,2.93224919874197,30.18,48.6807573306429,51.3192426693571,44.5714285714286,55.4285714285714,0,44.5714285714286,100,100,69.2421597085859,71.2096353754745,NaN,NaN,NaN,NaN,NaN,NaN,NaN,NaN,NaN,NaN,NaN,NaN,NaN,NaN
xu_aligned,onoff,50,Threshold-NoTierSel,94.1857352049416,5.81426479505838,199.999308531631,98.06,30.84,308.4,69.16,72.2857142857143,100,55.4285714285714,0,44.5714285714286,100,100,69.2421597085859,71.2096353754745,55.4285714285714,100,35,19.4,100,3.07223843231578,0,96.9277615676842,49.1738645855812,100,65.6444516502292,1,0.316236269122791,0.254415810646386,NaN,82.9,97.0834463280385,2.91655367196152,30.84,49.1738645855812,50.8261354144188,44.5714285714286,55.4285714285714,0,44.5714285714286,100,100,69.2421597085859,71.2096353754745,NaN,NaN,NaN,NaN,NaN,NaN,NaN,NaN,NaN,NaN,NaN,NaN,NaN,NaN
moderate,always,0,Threshold-Uniform-NoTierSel,97.3101234917278,2.68987650827224,198.432940604244,100,0.74,7.4,99.26,99.8571428571429,99.8571428571429,NaN,0.142857142857143,NaN,99.8571428571429,NaN,NaN,NaN,NaN,0,0,0,0,2.68987650827224,0,97.3101234917278,0,100,0,NaN,NaN,NaN,NaN,100,31.9160459079334,68.0839540920666,0.74,0,100,NaN,NaN,0.142857142857143,NaN,99.8571428571429,NaN,NaN,NaN,NaN,NaN,NaN,NaN,NaN,NaN,NaN,NaN,NaN,NaN,NaN,NaN,NaN,NaN
moderate,always,10,Threshold-Uniform-NoTierSel,96.0066747885271,3.99332521147296,198.151870296824,99.18,2.07,20.7,97.93,98.5714285714286,99.6825396825397,11.4285714285714,0.317460317460317,88.5714285714286,99.6825396825397,47.5,91.0354568704952,17.3989898989899,11.4285714285714,100,7,0.8,100,3.18167999441551,0,96.8183200055845,20.7778957111945,100,33.8459064755373,3.03333333333333,0.0851166680235058,0.0533721701532214,NaN,99,30.5554625252102,69.4445374747898,2.07,20.7778957111945,79.2221042888055,88.5714285714286,11.4285714285714,0.317460317460317,88.5714285714286,99.6825396825397,47.5,91.0354568704952,17.3989898989899,NaN,NaN,NaN,NaN,NaN,NaN,NaN,NaN,NaN,NaN,NaN,NaN,NaN,NaN
moderate,always,30,Threshold-Uniform-NoTierSel,90.0297188718577,9.97028112814236,208.421604314836,93.33,6.99,69.9,93.01,84.2857142857143,98.9795918367347,50,1.02040816326531,50,98.9795918367347,95.7099567099567,82.2257243049177,65.5254678117581,50,100,21,10.5,100,2.98967765367858,0,97.0103223463214,71.7359513908801,100,83.4803071462886,5.6838616938617,0.0882168146137139,0.0676182582872669,NaN,85.8,25.2345700957952,74.7654299042048,6.99,71.7359513908801,28.2640486091199,50,50,1.02040816326531,50,98.9795918367347,95.7099567099567,82.2257243049177,65.5254678117581,NaN,NaN,NaN,NaN,NaN,NaN,NaN,NaN,NaN,NaN,NaN,NaN,NaN,NaN
moderate,always,50,Threshold-Uniform-NoTierSel,81.7033493018613,18.2966506981387,223.795814216038,87.86,22.9,229,77.1,74.4285714285714,100,51.1428571428571,0,48.8571428571428,100,100,67.3159300150363,67.3966772221489,51.1428571428571,100,35,17.9,100,2.94429317791356,0,97.0557068220864,86.0108495992672,100,92.4083444611288,6.76699346405229,0.0845476688451901,0.0611773825294846,NaN,57.3,13.665549911237,86.3344500887631,22.9,86.0108495992672,13.9891504007328,48.8571428571428,51.1428571428571,0,48.8571428571428,100,100,67.3159300150363,67.3966772221489,NaN,NaN,NaN,NaN,NaN,NaN,NaN,NaN,NaN,NaN,NaN,NaN,NaN,NaN
moderate,firsthalf,0,Threshold-Uniform-NoTierSel,96.8559795913843,3.14402040861576,197.346089898583,100,0.78,7.8,99.22,99.7142857142857,99.7142857142857,NaN,0.285714285714286,NaN,99.7142857142857,NaN,NaN,NaN,NaN,0,0,0,0,3.14402040861576,0,96.8559795913843,0,100,0,NaN,NaN,NaN,NaN,100,32.4341352778244,67.5658647221756,0.78,0,100,NaN,NaN,0.285714285714286,NaN,99.7142857142857,NaN,NaN,NaN,96.06,100,96.14,100,-0.0800000000000011,0,0,0,NaN,100,100,0,NaN,NaN
moderate,firsthalf,10,Threshold-Uniform-NoTierSel,96.6811800341928,3.31881996580723,197.295793259648,99.03,1.74,17.4,98.26,99.5714285714286,100,4.28571428571429,0,95.7142857142857,100,30,90.3913043478261,7.5,4.28571428571429,100,7,0.3,41.2925962925963,2.9403320549,58.7074037074037,97.0596679451,12.5914268874847,99.3986559435349,18.7026951974494,4.66666666666667,0.0304476907808344,0.032655296183033,NaN,99.3,30.276353382577,69.723646617423,1.74,12.5914268874847,87.4085731125153,95.7142857142857,4.28571428571429,0,95.7142857142857,100,30,90.3913043478261,7.5,95.32,98.86,94.68,99.2,0.640000000000001,-0.340000000000002,5.7,4,0.899453601953602,99.1,99.1,0,349.333333333333,27.41756003256
moderate,firsthalf,30,Threshold-Uniform-NoTierSel,91.7877877455383,8.21221225446167,206.971741644275,88.31,5.82,58.2,94.18,93.1428571428571,99.5918367346939,21.9047619047619,0.408163265306122,78.0952380952381,99.5918367346939,94.6666666666667,74.8925514683519,35.0420277040967,21.9047619047619,100,21,4.6,45.3755214463973,2.9634496328602,54.6244785536027,97.0365503671398,67.7895647566627,92.5603860431,54.1376006101425,12.38,0.0318902613239441,0.048188942302135,NaN,86.4,21.6929891839051,78.3070108160949,5.82,67.7895647566627,32.2104352433373,78.0952380952381,21.9047619047619,0.408163265306122,78.0952380952381,99.5918367346939,94.6666666666667,74.8925514683519,35.0420277040967,91.5,86.8,81.4,89.82,10.1,-3.02,66,50.9,0.787366874335345,87.2,92.4,5.2,316.67,49.3227812389224
moderate,firsthalf,50,Threshold-Uniform-NoTierSel,80.4089904671143,19.5910095328857,227.040067807323,58.47,12.16,121.6,87.84,73.8571428571429,100,52.2857142857143,0,47.7142857142857,100,100,67.8377383868623,68.4191311889463,52.2857142857143,100,35,18.3,38.2928751682458,2.63069189138953,61.7071248317542,97.3693081086105,92.7368646946983,63.4619755425484,54.1792967728177,20.7471618357488,0.0244779667795048,0.0577828255351771,NaN,46.5,9.0952774335554,90.9047225664446,12.16,92.7368646946983,7.26313530530176,47.7142857142857,52.2857142857143,0,47.7142857142857,100,100,67.8377383868623,68.4191311889463,90,47.48,51.3,69.46,38.7,-21.98,262.6,152.7,0.576465279991482,53.3,90.7,37.4,274.099696478515,67.6540265963493
moderate,onoff,0,Threshold-Uniform-NoTierSel,96.9674517606297,3.03254823937033,195.116820546402,100,0.74,7.4,99.26,99.8571428571429,99.8571428571429,NaN,0.142857142857143,NaN,99.8571428571429,NaN,NaN,NaN,NaN,0,0,0,0,3.03254823937033,0,96.9674517606297,0,100,0,NaN,NaN,NaN,NaN,100,32.5990936732375,67.4009063267625,0.74,0,100,NaN,NaN,0.142857142857143,NaN,99.8571428571429,NaN,NaN,NaN,NaN,NaN,NaN,NaN,NaN,NaN,NaN,NaN,NaN,NaN,NaN,NaN,NaN,NaN
moderate,onoff,10,Threshold-Uniform-NoTierSel,96.3600634884838,3.63993651151619,197.205319941793,99.02,2.21,22.1,97.79,99.8571428571429,100,1.42857142857143,0,98.5714285714286,100,10,90.1304347826087,2.5,1.42857142857143,100,7,0.1,60.2311986259355,3.03641490376448,29.7688013740645,96.9635850962355,16.6233088549926,99.6169265290071,24.8079845915584,3,0.0689961606332595,0.0402632732230936,NaN,98.5,29.5826334945227,70.4173665054773,2.21,16.6233088549926,83.3766911450074,98.5714285714286,1.42857142857143,0,98.5714285714286,100,10,90.1304347826087,2.5,NaN,NaN,NaN,NaN,NaN,NaN,NaN,NaN,NaN,NaN,NaN,NaN,NaN,NaN
moderate,onoff,30,Threshold-Uniform-NoTierSel,91.2218268447819,8.77817315521806,207.135317726325,89.49,6.48,64.8,93.52,90.2857142857143,99.7959183673469,31.9047619047619,0.204081632653061,68.0952380952381,99.7959183673469,98,77.4242153565924,47.7008547008547,31.9047619047619,100,21,6.7,55.7025748117062,2.84247880769817,44.2974251882938,97.1575211923018,70.5348881790299,94.4935032069567,62.0595888201444,8.71365079365079,0.062540260948017,0.0521466846981971,NaN,84.3,21.4594310096579,78.5405689903421,6.48,70.5348881790299,29.4651118209701,68.0952380952381,31.9047619047619,0.204081632653061,68.0952380952381,99.7959183673469,98,77.4242153565924,47.7008547008547,NaN,NaN,NaN,NaN,NaN,NaN,NaN,NaN,NaN,NaN,NaN,NaN,NaN,NaN
moderate,onoff,50,Threshold-Uniform-NoTierSel,81.0361753588208,18.9638246411792,225.653893431883,75.19,19.04,190.4,80.96,72.5714285714286,99.4285714285714,54.2857142857143,0.571428571428571,45.7142857142857,99.4285714285714,99.0389016018307,68.5972109700503,69.9625008368973,54.2857142857143,100,35,19,54.8849244524262,3.01099753658408,45.1150755475738,96.9890024634159,88.8848159604085,82.8542292361296,67.8503766838377,12.5588676236045,0.0599631610022578,0.0577813337546374,NaN,51.2,11.3774518794731,88.6225481205269,19.04,88.8848159604085,11.1151840395915,45.7142857142857,54.2857142857143,0.571428571428571,45.7142857142857,99.4285714285714,99.0389016018307,68.5972109700503,69.9625008368973,NaN,NaN,NaN,NaN,NaN,NaN,NaN,NaN,NaN,NaN,NaN,NaN,NaN,NaN
xu_aligned,always,0,Threshold-Uniform-NoTierSel,96.8761266680845,3.12387333191549,196.303621517867,100,0.76,7.6,99.24,99.5714285714286,99.5714285714286,NaN,0.428571428571429,NaN,99.5714285714286,NaN,NaN,NaN,NaN,0,0,0,0,3.12387333191549,0,96.8761266680845,0,100,0,NaN,NaN,NaN,NaN,100,32.2842520646213,67.7157479353786,0.76,0,100,NaN,NaN,0.428571428571429,NaN,99.5714285714286,NaN,NaN,NaN,NaN,NaN,NaN,NaN,NaN,NaN,NaN,NaN,NaN,NaN,NaN,NaN,NaN,NaN
xu_aligned,always,10,Threshold-Uniform-NoTierSel,96.1606227183038,3.83937728169621,197.63084230446,99.21,2.07,20.7,97.93,98.7142857142857,99.3650793650794,7.14285714285714,0.634920634920635,92.8571428571428,99.3650793650794,38.3333333333333,90.5989362649667,11.7222222222222,7.14285714285714,100,7,0.5,100,3.05757850868441,0,96.9424214913156,20.5502781367075,100,33.7605886059024,3.2,0.0854370110055185,0.0487675004332467,NaN,98.9,31.2819022498381,68.7180977501619,2.07,20.5502781367075,79.4497218632925,92.8571428571428,7.14285714285714,0.634920634920635,92.8571428571428,99.3650793650794,38.3333333333333,90.5989362649667,11.7222222222222,NaN,NaN,NaN,NaN,NaN,NaN,NaN,NaN,NaN,NaN,NaN,NaN,NaN,NaN
xu_aligned,always,30,Threshold-Uniform-NoTierSel,89.4145827757976,10.5854172242024,211.837194637152,92.56,7.62,76.2,92.38,84.4285714285714,99.5918367346939,50.9523809523809,0.408163265306122,49.047619047619,99.5918367346939,98.8235294117647,82.7941259967645,65.8511390999781,50.9523809523809,100,21,10.7,100,2.72993699293496,0,97.270063007065,75.671924285649,100,86.0455955971847,5.91581196581197,0.088050794780905,0.0702140863707871,NaN,84.2,25.0678123161717,74.9321876838283,7.62,75.671924285649,24.328075714351,49.047619047619,50.9523809523809,0.408163265306122,49.047619047619,99.5918367346939,98.8235294117647,82.7941259967645,65.8511390999781,NaN,NaN,NaN,NaN,NaN,NaN,NaN,NaN,NaN,NaN,NaN,NaN,NaN,NaN
xu_aligned,always,50,Threshold-Uniform-NoTierSel,82.3843278179151,17.6156721820849,226.266546800824,88.25,23.19,231.9,76.81,73.8571428571429,99.4285714285714,51.7142857142857,0.571428571428571,48.2857142857143,99.4285714285714,98.9204545454545,67.4076946094149,67.7406680969097,51.7142857142857,100,35,18.1,100,2.66882758177682,0,97.3311724182232,86.8057998773955,100,92.9119425379092,6.4759894835127,0.0852760252334153,0.0612875762765486,NaN,57.2,15.658495655757,84.341504344243,23.19,86.8057998773955,13.1942001226045,48.2857142857143,51.7142857142857,0.571428571428571,48.2857142857143,99.4285714285714,98.9204545454545,67.4076946094149,67.7406680969097,NaN,NaN,NaN,NaN,NaN,NaN,NaN,NaN,NaN,NaN,NaN,NaN,NaN,NaN
xu_aligned,firsthalf,0,Threshold-Uniform-NoTierSel,97.2084445659781,2.79155543402194,195.712748569075,100,0.77,7.7,99.23,99.4285714285714,99.4285714285714,NaN,0.571428571428571,NaN,99.4285714285714,NaN,NaN,NaN,NaN,0,0,0,0,2.79155543402194,0,97.2084445659781,0,100,0,NaN,NaN,NaN,NaN,100,32.0882960296512,67.9117039703488,0.77,0,100,NaN,NaN,0.571428571428571,NaN,99.4285714285714,NaN,NaN,NaN,96.46,100,96.46,100,1.4210854715202e-15,0,0,0,NaN,100,100,0,NaN,NaN
xu_aligned,firsthalf,10,Threshold-Uniform-NoTierSel,96.4045058365179,3.59549416348206,197.978441023457,98.67,2.34,23.4,97.66,99.2857142857143,99.8412698412698,5.71428571428571,0.158730158730159,94.2857142857143,99.8412698412698,35,90.5089514066496,9.72222222222222,5.71428571428571,100,7,0.4,46.3630011293055,3.01091846963315,53.6369988706945,96.9890815303669,17.0378000859786,99.2330353819953,24.437012100858,4.5,0.0345193041032397,0.0391709034421194,NaN,98.5,29.9003984687528,70.0996015312472,2.34,17.0378000859786,82.9621999140214,94.2857142857143,5.71428571428571,0.158730158730159,94.2857142857143,99.8412698412698,35,90.5089514066496,9.72222222222222,94.26,98.56,94.04,98.78,0.22,-0.219999999999999,7.2,6.1,1.03,98.4,99,0.6,346.75,30.7577777777778
xu_aligned,firsthalf,30,Threshold-Uniform-NoTierSel,91.5333348857946,8.46666511420535,207.362985326765,87.21,5.8,58,94.2,93.5714285714286,100,21.4285714285714,0,78.5714285714286,100,100,74.8548102386113,34.5902874902875,21.4285714285714,100,21,4.5,42.5425606826806,3.12115065988148,57.4574393173194,96.8788493401185,67.6130325419112,91.429747979738,52.1100046111654,11.4207142857143,0.0291669800764805,0.0496121489649001,NaN,85.4,21.5551794700067,78.4448205299933,5.8,67.6130325419112,32.3869674580888,78.5714285714286,21.4285714285714,0,78.5714285714286,100,100,74.8548102386113,34.5902874902875,92.14,85.04,80.32,89.38,11.82,-4.34,74.8,53.1,0.715540657632438,87.4,91.5,4.1,344.445952380952,47.992344293874
xu_aligned,firsthalf,50,Threshold-Uniform-NoTierSel,81.6686825523758,18.3313174476242,223.301204636871,63.67,12.1,121,87.9,74.8571428571429,99.7142857142857,50,0.285714285714286,50,99.7142857142857,99.4736842105263,66.657072589925,66.4318635284229,50,100,35,17.5,39.6194720059984,3.23400848288856,60.3805279940016,96.7659915171114,89.2757901739371,69.3723165007415,54.8481577076759,19.78064499484,0.0251690691667234,0.0551908765752992,NaN,54.9,8.45481949011281,91.5451805098872,12.1,89.2757901739371,10.7242098260629,50,50,0.285714285714286,50,99.7142857142857,99.4736842105263,66.657072589925,66.4318635284229,88.5,54.46,55.08,72.88,33.42,-18.42,227.7,135.6,0.595819581635592,55.4,91.7,36.3,260.791557877537,66.4233702202423
xu_aligned,onoff,0,Threshold-Uniform-NoTierSel,97.3024330569048,2.69756694309515,195.495922417369,100,0.98,9.8,99.02,100,100,NaN,0,NaN,100,NaN,NaN,NaN,NaN,0,0,0,0,2.69756694309516,0,97.3024330569048,0,100,0,NaN,NaN,NaN,NaN,100,32.0173567587945,67.9826432412055,0.98,0,100,NaN,NaN,0,NaN,100,NaN,NaN,NaN,NaN,NaN,NaN,NaN,NaN,NaN,NaN,NaN,NaN,NaN,NaN,NaN,NaN,NaN
xu_aligned,onoff,10,Threshold-Uniform-NoTierSel,96.6386708414493,3.36132915855068,195.559224674358,99.13,2.15,21.5,97.85,99.5714285714286,99.6825396825397,1.42857142857143,0.317460317460317,98.5714285714286,99.6825396825397,10,90.1014492753623,2.5,1.42857142857143,100,7,0.1,60.2496947496948,2.85388890432169,39.7503052503052,97.1461110956783,16.0907603051488,99.6293343733499,24.7151522979201,5,0.067866551945886,0.0376652015196518,NaN,99.2,28.0638142962226,71.9361857037774,2.15,16.0907603051488,83.9092396948512,98.5714285714286,1.42857142857143,0.317460317460317,98.5714285714286,99.6825396825397,10,90.1014492753623,2.5,NaN,NaN,NaN,NaN,NaN,NaN,NaN,NaN,NaN,NaN,NaN,NaN,NaN,NaN
xu_aligned,onoff,30,Threshold-Uniform-NoTierSel,92.2185156897568,7.78148431024321,203.445802830702,91.34,5.8,58,94.2,91.4285714285714,99.7959183673469,28.0952380952381,0.204081632653061,71.9047619047619,99.7959183673469,98.75,76.4313161077274,43.4166224580018,28.0952380952381,100,21,5.9,56.0907222328392,2.89486905002846,43.9092777671608,97.1051309499715,65.7658524063608,95.606758019265,60.3614366218673,7.44738095238095,0.0629271527586126,0.0491214261296361,NaN,87.5,23.0221341715214,76.9778658284786,5.8,65.7658524063608,34.2341475936392,71.9047619047619,28.0952380952381,0.204081632653061,71.9047619047619,99.7959183673469,98.75,76.4313161077274,43.4166224580018,NaN,NaN,NaN,NaN,NaN,NaN,NaN,NaN,NaN,NaN,NaN,NaN,NaN,NaN
xu_aligned,onoff,50,Threshold-Uniform-NoTierSel,82.716837546575,17.283162453425,221.716653771271,77.62,17.83,178.3,82.17,74.5714285714286,99.7142857142857,50.5714285714286,0.285714285714286,49.4285714285714,99.7142857142857,99.5238095238095,66.9794155131082,66.8142543730779,50.5714285714286,100,35,17.7,55.423207225853,2.91127023244,44.576792774147,97.08872976756,87.3566737730181,85.2075174919296,67.7859566969217,11.6694887955182,0.0604430716325995,0.0562196634958921,NaN,54.6,13.6325313287104,86.3674686712896,17.83,87.3566737730181,12.6433262269819,49.4285714285714,50.5714285714286,0.285714285714286,49.4285714285714,99.7142857142857,99.5238095238095,66.9794155131082,66.8142543730779,NaN,NaN,NaN,NaN,NaN,NaN,NaN,NaN,NaN,NaN,NaN,NaN,NaN,NaN
