Assignment,AttackType,MaliciousPct,Model,SuccessRate,FailureRate,Latency,MAR,ServiceDenialRate,ServiceDenialCount,Availability,PoolAvailability,HonestAvailability,TPR_gov,FPR_gov,FNR_gov,TNR_gov,Precision_gov,NPV_gov,F1_gov,TPR_sel,FPR_sel,FNR_sel,TNR_sel,Precision_sel,NPV_sel,F1_sel,PMTI,RepSep,SER_mal,EarlyMAR_100,PctGoodSel,PctWarningSel,PctServiceDenial,FailMalicious_Pct,FailHonest_Pct,UndetectedMaliciousRate,TPR,FPR,FNR,TNR,Precision,NPV,F1,FirstHalf_SR,FirstHalf_MAR,SecondHalf_SR,SecondHalf_MAR,SR_Drop,MAR_Drop,MalSelected_Phase1,MalSelected_Phase2,MalSelectRatio,InitialMAR_Phase2,FinalMAR_Phase2,MARImprovement,RunsToDetect,StalenessScore
moderate,always,0,Beta,97.88306452,2.116935484,204.8754359,100,0.8,8,99.2,100,100,0,0,0,100,0,100,0,0,2.116935484,0,97.88306452,0,100,0,NaN,NaN,NaN,100,96.37096774,3.629032258,0.8,0,100,NaN,0,0,0,100,0,100,0,NaN,NaN,NaN,NaN,NaN,NaN,NaN,NaN,NaN,NaN,NaN,NaN,NaN,NaN
moderate,always,0,REVS-T,97.88306452,2.116935484,204.8754359,100,0.8,8,99.2,100,100,0,0,0,100,0,100,0,0,2.116935484,0,97.88306452,0,100,0,NaN,NaN,NaN,100,96.37096774,3.629032258,0.8,0,100,NaN,0,0,0,100,0,100,0,NaN,NaN,NaN,NaN,NaN,NaN,NaN,NaN,NaN,NaN,NaN,NaN,NaN,NaN
moderate,always,0,REVS-T-Uniform,97.88306452,2.116935484,204.8754359,100,0.8,8,99.2,100,100,0,0,0,100,0,100,0,0,2.116935484,0,97.88306452,0,100,0,NaN,NaN,NaN,100,86.08870968,13.91129032,0.8,0,100,NaN,0,0,0,100,0,100,0,NaN,NaN,NaN,NaN,NaN,NaN,NaN,NaN,NaN,NaN,NaN,NaN,NaN,NaN
moderate,always,0,Threshold,97.88306452,2.116935484,204.8754359,100,0.8,8,99.2,100,100,0,0,0,100,0,100,0,0,2.116935484,0,97.88306452,0,100,0,NaN,NaN,NaN,100,96.37096774,3.629032258,0.8,0,100,NaN,0,0,0,100,0,100,0,NaN,NaN,NaN,NaN,NaN,NaN,NaN,NaN,NaN,NaN,NaN,NaN,NaN,NaN
moderate,always,0,Threshold-MaxRep,97.88306452,2.116935484,204.8754359,100,0.8,8,99.2,100,100,0,0,0,100,0,100,0,0,2.116935484,0,97.88306452,0,100,0,NaN,NaN,NaN,100,96.47177419,3.528225806,0.8,0,100,NaN,0,0,0,100,0,100,0,NaN,NaN,NaN,NaN,NaN,NaN,NaN,NaN,NaN,NaN,NaN,NaN,NaN,NaN
moderate,always,0,Threshold-NoTierSel,97.88092836,2.119071645,204.9419378,100,0.9,9,99.1,100,100,0,0,0,100,0,100,0,0,2.119071645,0,97.88092836,0,100,0,NaN,NaN,NaN,100,94.45005045,5.549949546,0.9,0,100,NaN,0,0,0,100,0,100,0,NaN,NaN,NaN,NaN,NaN,NaN,NaN,NaN,NaN,NaN,NaN,NaN,NaN,NaN
moderate,always,10,Beta,96.85279188,3.147208122,199.1056212,100,1.5,15,98.5,98.57142857,98.41269841,0,1.587301587,100,98.41269841,0,89.85507246,0,0,3.147208122,0,96.85279188,0,100,0,NaN,NaN,NaN,100,96.54822335,3.45177665,1.5,0,100,100,0,1.587301587,100,98.41269841,0,89.85507246,0,NaN,NaN,NaN,NaN,NaN,NaN,NaN,NaN,NaN,NaN,NaN,NaN,NaN,NaN
moderate,always,10,REVS-T,96.73802243,3.261977574,199.3704693,99.9,1.9,19,98.1,98.57142857,100,14.28571429,0,85.71428571,100,100,91.30434783,25,100,3.163265306,0,96.83673469,3.125,100,6.060606061,1,0.33322452,NaN,100,96.12640163,3.873598369,1.9,3.125,96.875,85.71428571,14.28571429,0,85.71428571,100,100,91.30434783,25,NaN,NaN,NaN,NaN,NaN,NaN,NaN,NaN,NaN,NaN,NaN,NaN,NaN,NaN
moderate,always,10,REVS-T-Uniform,96.54822335,3.45177665,199.5243222,99.7,1.5,15,98.5,98.57142857,98.41269841,0,1.587301587,100,98.41269841,0,89.85507246,0,100,3.156822811,0,96.84317719,8.823529412,100,16.21621622,NaN,0.169924697,NaN,99,85.68527919,14.31472081,1.5,8.823529412,91.17647059,100,0,1.587301587,100,98.41269841,0,89.85507246,0,NaN,NaN,NaN,NaN,NaN,NaN,NaN,NaN,NaN,NaN,NaN,NaN,NaN,NaN
moderate,always,10,Threshold,96.73802243,3.261977574,199.3704693,99.9,1.9,19,98.1,98.57142857,100,14.28571429,0,85.71428571,100,100,91.30434783,25,100,3.163265306,0,96.83673469,3.125,100,6.060606061,1,0.318307048,NaN,100,96.12640163,3.873598369,1.9,3.125,96.875,85.71428571,14.28571429,0,85.71428571,100,100,91.30434783,25,NaN,NaN,NaN,NaN,NaN,NaN,NaN,NaN,NaN,NaN,NaN,NaN,NaN,NaN
moderate,always,10,Threshold-MaxRep,96.85279188,3.147208122,199.1056212,100,1.5,15,98.5,100,100,0,0,100,100,0,90,0,0,3.147208122,0,96.85279188,0,100,0,NaN,NaN,NaN,100,95.93908629,4.060913706,1.5,0,100,100,0,0,100,100,0,90,0,NaN,NaN,NaN,NaN,NaN,NaN,NaN,NaN,NaN,NaN,NaN,NaN,NaN,NaN
moderate,always,10,Threshold-NoTierSel,96.31525077,3.684749232,199.7572397,99.5,2.3,23,97.7,94.28571429,100,57.14285714,0,42.85714286,100,100,95.45454545,72.72727273,100,3.189300412,0,96.81069959,13.88888889,100,24.3902439,1.25,0.290831849,NaN,98,95.18935517,4.810644831,2.3,13.88888889,86.11111111,42.85714286,57.14285714,0,42.85714286,100,100,95.45454545,72.72727273,NaN,NaN,NaN,NaN,NaN,NaN,NaN,NaN,NaN,NaN,NaN,NaN,NaN,NaN
moderate,always,30,Beta,94.67084639,5.329153605,202.4983528,97,4.3,43,95.7,85.71428571,100,47.61904762,0,52.38095238,100,100,81.66666667,64.51612903,100,2.265372168,0,97.73462783,58.82352941,100,74.07407407,1,0.664358074,NaN,92,94.04388715,5.956112853,4.3,58.82352941,41.17647059,52.38095238,47.61904762,0,52.38095238,100,100,81.66666667,64.51612903,NaN,NaN,NaN,NaN,NaN,NaN,NaN,NaN,NaN,NaN,NaN,NaN,NaN,NaN
moderate,always,30,REVS-T,95.98662207,4.013377926,199.6420292,98.4,10.3,103,89.7,84.28571429,100,52.38095238,0,47.61904762,100,100,83.05084746,68.75,100,2.27014756,0,97.72985244,44.44444444,100,61.53846154,1.181818182,0.303654582,NaN,94,95.20624303,4.793756968,10.3,44.44444444,55.55555556,47.61904762,52.38095238,0,47.61904762,100,100,83.05084746,68.75,NaN,NaN,NaN,NaN,NaN,NaN,NaN,NaN,NaN,NaN,NaN,NaN,NaN,NaN
moderate,always,30,REVS-T-Uniform,94.21052632,5.789473684,203.1338382,96.6,5,50,95,85.71428571,100,47.61904762,0,52.38095238,100,100,81.66666667,64.51612903,100,2.292576419,0,97.70742358,61.81818182,100,76.40449438,2,0.182697543,NaN,88,84.73684211,15.26315789,5,61.81818182,38.18181818,52.38095238,47.61904762,0,52.38095238,100,100,81.66666667,64.51612903,NaN,NaN,NaN,NaN,NaN,NaN,NaN,NaN,NaN,NaN,NaN,NaN,NaN,NaN
moderate,always,30,Threshold,95.87973274,4.120267261,200.1216262,98.3,10.2,102,89.8,85.71428571,100,47.61904762,0,52.38095238,100,100,81.66666667,64.51612903,100,2.27014756,0,97.72985244,45.94594595,100,62.96296296,1.4,0.289409468,NaN,94,95.10022272,4.899777283,10.2,45.94594595,54.05405405,52.38095238,47.61904762,0,52.38095238,100,100,81.66666667,64.51612903,NaN,NaN,NaN,NaN,NaN,NaN,NaN,NaN,NaN,NaN,NaN,NaN,NaN,NaN
moderate,always,30,Threshold-MaxRep,94.56635319,5.433646813,202.459048,96.9,4.3,43,95.7,84.28571429,97.95918367,47.61904762,2.040816327,52.38095238,97.95918367,90.90909091,81.3559322,62.5,100,2.267818575,0,97.73218143,59.61538462,100,74.69879518,1.4,0.308994634,NaN,94,89.65517241,10.34482759,4.3,59.61538462,40.38461538,52.38095238,47.61904762,2.040816327,52.38095238,97.95918367,90.90909091,81.3559322,62.5,NaN,NaN,NaN,NaN,NaN,NaN,NaN,NaN,NaN,NaN,NaN,NaN,NaN,NaN
moderate,always,30,Threshold-NoTierSel,95.40358744,4.596412556,200.6630494,97.7,10.8,108,89.2,85.71428571,100,47.61904762,0,52.38095238,100,100,81.66666667,64.51612903,100,2.071346375,0,97.92865362,56.09756098,100,71.875,1.6,0.279873618,NaN,91,94.50672646,5.493273543,10.8,56.09756098,43.90243902,52.38095238,47.61904762,0,52.38095238,100,100,81.66666667,64.51612903,NaN,NaN,NaN,NaN,NaN,NaN,NaN,NaN,NaN,NaN,NaN,NaN,NaN,NaN
moderate,always,50,Beta,79.93311037,20.06688963,234.427875,84.9,10.3,103,89.7,75.71428571,94.28571429,42.85714286,5.714285714,57.14285714,94.28571429,88.23529412,62.26415094,57.69230769,100,3.887399464,0,96.11260054,83.88888889,100,91.23867069,1,0.733837145,NaN,79,80.26755853,19.73244147,10.3,83.88888889,16.11111111,57.14285714,42.85714286,5.714285714,57.14285714,94.28571429,88.23529412,62.26415094,57.69230769,NaN,NaN,NaN,NaN,NaN,NaN,NaN,NaN,NaN,NaN,NaN,NaN,NaN,NaN
moderate,always,50,REVS-T,91.86666667,8.133333333,206.7861099,96.7,25,250,75,78.57142857,100,42.85714286,0,57.14285714,100,100,63.63636364,60,100,3.905160391,0,96.09483961,54.09836066,100,70.21276596,1.4,0.226780783,NaN,80,92.93333333,7.066666667,25,54.09836066,45.90163934,57.14285714,42.85714286,0,57.14285714,100,100,63.63636364,60,NaN,NaN,NaN,NaN,NaN,NaN,NaN,NaN,NaN,NaN,NaN,NaN,NaN,NaN
moderate,always,50,REVS-T-Uniform,89.11651729,10.88348271,211.4028974,94.2,21.9,219,78.1,77.14285714,97.14285714,42.85714286,2.857142857,57.14285714,97.14285714,93.75,62.96296296,58.82352941,100,3.734439834,0,96.26556017,68.23529412,100,81.11888112,2,0.16826639,NaN,62,79.25736236,20.74263764,21.9,68.23529412,31.76470588,57.14285714,42.85714286,2.857142857,57.14285714,97.14285714,93.75,62.96296296,58.82352941,NaN,NaN,NaN,NaN,NaN,NaN,NaN,NaN,NaN,NaN,NaN,NaN,NaN,NaN
moderate,always,50,Threshold,87.09677419,12.90322581,216.3421009,92.7,22.5,225,77.5,80,100,40,0,60,100,100,62.5,57.14285714,100,3.846153846,0,96.15384615,73,100,84.39306358,3.071428571,0.18048201,NaN,80,90.83870968,9.161290323,22.5,73,27,60,40,0,60,100,100,62.5,57.14285714,NaN,NaN,NaN,NaN,NaN,NaN,NaN,NaN,NaN,NaN,NaN,NaN,NaN,NaN
moderate,always,50,Threshold-MaxRep,79.62138085,20.37861915,234.405172,84.6,10.2,102,89.8,80,100,40,0,60,100,100,62.5,57.14285714,100,3.897849462,0,96.10215054,84.15300546,100,91.39465875,2.428571429,0.271972038,NaN,84,79.17594655,20.82405345,10.2,84.15300546,15.84699454,60,40,0,60,100,100,62.5,57.14285714,NaN,NaN,NaN,NaN,NaN,NaN,NaN,NaN,NaN,NaN,NaN,NaN,NaN,NaN
moderate,always,50,Threshold-NoTierSel,86.81462141,13.18537859,216.3959397,92.5,23.4,234,76.6,80,100,40,0,60,100,100,62.5,57.14285714,100,3.762662808,0,96.23733719,74.25742574,100,85.22727273,3.285714286,0.18475046,NaN,75,90.60052219,9.399477807,23.4,74.25742574,25.74257426,60,40,0,60,100,100,62.5,57.14285714,NaN,NaN,NaN,NaN,NaN,NaN,NaN,NaN,NaN,NaN,NaN,NaN,NaN,NaN
moderate,firsthalf,0,Beta,97.0766129,2.923387097,194.6484544,100,0.8,8,99.2,100,100,0,0,0,100,0,100,0,0,2.923387097,0,97.0766129,0,100,0,NaN,NaN,NaN,100,96.57258065,3.427419355,0.8,0,100,NaN,0,0,0,100,0,100,0,96.4,100,96.2,100,0.2,0,0,0,NaN,100,100,0,NaN,NaN
moderate,firsthalf,0,REVS-T,97.07070707,2.929292929,194.6156689,100,1,10,99,100,100,0,0,0,100,0,100,0,0,2.929292929,0,97.07070707,0,100,0,NaN,NaN,NaN,100,97.27272727,2.727272727,1,0,100,NaN,0,0,0,100,0,100,0,96.4,100,95.8,100,0.6,0,0,0,NaN,100,100,0,NaN,NaN
moderate,firsthalf,0,REVS-T-Uniform,97.0766129,2.923387097,194.6484544,100,0.8,8,99.2,97.14285714,97.14285714,0,2.857142857,0,97.14285714,0,100,0,0,2.923387097,0,97.0766129,0,100,0,NaN,NaN,NaN,100,84.5766129,15.4233871,0.8,0,100,NaN,0,2.857142857,0,97.14285714,0,100,0,96.4,100,96.2,100,0.2,0,0,0,NaN,100,100,0,NaN,NaN
moderate,firsthalf,0,Threshold,97.07070707,2.929292929,194.6156689,100,1,10,99,100,100,0,0,0,100,0,100,0,0,2.929292929,0,97.07070707,0,100,0,NaN,NaN,NaN,100,97.27272727,2.727272727,1,0,100,NaN,0,0,0,100,0,100,0,96.4,100,95.8,100,0.6,0,0,0,NaN,100,100,0,NaN,NaN
moderate,firsthalf,0,Threshold-MaxRep,97.0766129,2.923387097,194.6484544,100,0.8,8,99.2,100,100,0,0,0,100,0,100,0,0,2.923387097,0,97.0766129,0,100,0,NaN,NaN,NaN,100,97.0766129,2.923387097,0.8,0,100,NaN,0,0,0,100,0,100,0,96.4,100,96.2,100,0.2,0,0,0,NaN,100,100,0,NaN,NaN
moderate,firsthalf,0,Threshold-NoTierSel,97.04081633,2.959183673,194.5213104,100,2,20,98,97.14285714,97.14285714,0,2.857142857,0,97.14285714,0,100,0,0,2.959183673,0,97.04081633,0,100,0,NaN,NaN,NaN,100,96.12244898,3.87755102,2,0,100,NaN,0,2.857142857,0,97.14285714,0,100,0,96,100,94.2,100,1.8,0,0,0,NaN,100,100,0,NaN,NaN
moderate,firsthalf,10,Beta,97.1659919,2.834008097,194.5498776,99.9,1.2,12,98.8,98.57142857,100,14.28571429,0,85.71428571,100,100,91.30434783,25,100,2.73556231,0,97.26443769,3.571428571,100,6.896551724,1,0.582607202,NaN,100,96.45748988,3.542510121,1.2,3.571428571,96.42857143,85.71428571,14.28571429,0,85.71428571,100,100,91.30434783,25,96.2,100,95.8,99.8,0.4,0.2,0,1,NaN,100,100,0,224,NaN
moderate,firsthalf,10,REVS-T,97.15157681,2.848423194,194.6912593,99.9,1.7,17,98.3,98.57142857,100,14.28571429,0,85.71428571,100,100,91.30434783,25,100,2.749490835,0,97.25050916,3.571428571,100,6.896551724,1,0.338352094,NaN,100,95.42217701,4.577822991,1.7,3.571428571,96.42857143,85.71428571,14.28571429,0,85.71428571,100,100,91.30434783,25,95.6,100,95.4,99.8,0.2,0.2,0,1,NaN,100,100,0,224,NaN
moderate,firsthalf,10,REVS-T-Uniform,97.1659919,2.834008097,194.5498776,99.9,1.2,12,98.8,98.57142857,98.41269841,0,1.587301587,100,98.41269841,0,89.85507246,0,100,2.73556231,0,97.26443769,3.571428571,100,6.896551724,NaN,0.16889872,NaN,100,84.71659919,15.28340081,1.2,3.571428571,96.42857143,100,0,1.587301587,100,98.41269841,0,89.85507246,0,96.2,100,95.8,99.8,0.4,0.2,0,1,NaN,100,100,0,NaN,NaN
moderate,firsthalf,10,Threshold,97.15157681,2.848423194,194.6912593,99.9,1.7,17,98.3,98.57142857,100,14.28571429,0,85.71428571,100,100,91.30434783,25,100,2.749490835,0,97.25050916,3.571428571,100,6.896551724,1,0.321651963,NaN,100,95.42217701,4.577822991,1.7,3.571428571,96.42857143,85.71428571,14.28571429,0,85.71428571,100,100,91.30434783,25,95.6,100,95.4,99.8,0.2,0.2,0,1,NaN,100,100,0,224,NaN
moderate,firsthalf,10,Threshold-MaxRep,97.1659919,2.834008097,194.5498776,99.9,1.2,12,98.8,98.57142857,100,14.28571429,0,85.71428571,100,100,91.30434783,25,100,2.73556231,0,97.26443769,3.571428571,100,6.896551724,1,0.320062979,NaN,100,95.1417004,4.858299595,1.2,3.571428571,96.42857143,85.71428571,14.28571429,0,85.71428571,100,100,91.30434783,25,96.2,100,95.8,99.8,0.4,0.2,0,1,NaN,100,100,0,224,NaN
moderate,firsthalf,10,Threshold-NoTierSel,97.14576962,2.854230377,194.6178648,99.8,1.9,19,98.1,97.14285714,98.41269841,14.28571429,1.587301587,85.71428571,98.41269841,50,91.17647059,22.22222222,50,2.757916241,50,97.24208376,3.571428571,99.89506821,6.666666667,2,0.279356645,NaN,100,94.80122324,5.198776758,1.9,3.571428571,96.42857143,85.71428571,14.28571429,1.587301587,85.71428571,98.41269841,50,91.17647059,22.22222222,95.4,99.8,95.2,99.8,0.2,0,1,1,1,100,100,0,224,46.53333333
moderate,firsthalf,30,Beta,95.77464789,4.225352113,198.4361465,93.7,7.7,77,92.3,95.71428571,100,14.28571429,0,85.71428571,100,100,73.13432836,25,34.92063492,1.976744186,65.07936508,98.02325581,56.41025641,95.36199095,43.1372549,1,0.203292382,NaN,86,95.66630553,4.333694475,7.7,56.41025641,43.58974359,85.71428571,14.28571429,0,85.71428571,100,100,73.13432836,25,89.6,91.6,87.2,95.8,2.4,-4.2,42,21,0.5,94,95,1,244.3333333,41.57777778
moderate,firsthalf,30,REVS-T,97.70904926,2.290950745,195.8036568,97.4,12.7,127,87.3,94.28571429,100,19.04761905,0,80.95238095,100,100,74.24242424,32,15.38461538,1.889020071,84.61538462,98.11097993,20,97.42086753,17.39130435,2,0.260610099,NaN,91,92.89805269,7.101947308,12.7,20,80,80.95238095,19.04761905,0,80.95238095,100,100,74.24242424,32,86,95.6,84.6,99.2,1.4,-3.6,22,4,0.181818182,99,100,1,121.25,19.86363636
moderate,firsthalf,30,REVS-T-Uniform,95.34127844,4.65872156,199.6348375,91.6,7.7,77,92.3,91.42857143,100,28.57142857,0,71.42857143,100,100,76.5625,44.44444444,29.76190476,2.145411204,70.23809524,97.8545888,58.13953488,93.29545455,39.37007874,8.833333333,0.079027476,NaN,81,82.6652221,17.3347779,7.7,58.13953488,41.86046512,71.42857143,28.57142857,0,71.42857143,100,100,76.5625,44.44444444,89.6,88.2,86.4,95,3.2,-6.8,59,25,0.423728814,93,94,1,159.3333333,28.973258
moderate,firsthalf,30,Threshold,97.70904926,2.290950745,195.8036568,97.4,12.7,127,87.3,94.28571429,100,19.04761905,0,80.95238095,100,100,74.24242424,32,15.38461538,1.889020071,84.61538462,98.11097993,20,97.42086753,17.39130435,2,0.248275959,NaN,91,92.89805269,7.101947308,12.7,20,80,80.95238095,19.04761905,0,80.95238095,100,100,74.24242424,32,86,95.6,84.6,99.2,1.4,-3.6,22,4,0.181818182,99,100,1,121.25,19.86363636
moderate,firsthalf,30,Threshold-MaxRep,96.20801733,3.791982665,198.0005174,95.8,7.7,77,92.3,85.71428571,97.95918367,42.85714286,2.040816327,57.14285714,97.95918367,90,80,58.06451613,40.47619048,2.043132804,59.52380952,97.9568672,48.57142857,97.18468468,44.15584416,2.777777778,0.264078278,NaN,91,88.0823402,11.9176598,7.7,48.57142857,51.42857143,57.14285714,42.85714286,2.040816327,57.14285714,97.95918367,90,80,58.06451613,89.6,95,88,96.6,1.6,-1.6,25,17,0.68,98,95,-3,216.1111111,38.14814815
moderate,firsthalf,30,Threshold-NoTierSel,97.57225434,2.427745665,196.4028024,96.7,13.5,135,86.5,97.14285714,100,9.523809524,0,90.47619048,100,100,72.05882353,17.39130435,15.15151515,1.923076923,84.84848485,98.07692308,23.80952381,96.68246445,18.51851852,2,0.223133458,NaN,87,91.90751445,8.092485549,13.5,23.80952381,76.19047619,90.47619048,9.523809524,0,90.47619048,100,100,72.05882353,17.39130435,84.8,94.4,84,99,0.8,-4.6,28,5,0.178571429,98,100,2,90,16.30952381
moderate,firsthalf,50,Beta,83.05084746,16.94915254,224.0267096,58.9,5.6,56,94.4,95.71428571,100,8.571428571,0,91.42857143,100,100,52.23880597,15.78947368,36.49635036,1.876172608,63.50364964,98.12382739,93.75,66.70918367,52.53940455,1.666666667,0.086618988,NaN,45,94.27966102,5.720338983,5.6,93.75,6.25,91.42857143,8.571428571,0,91.42857143,100,100,52.23880597,15.78947368,93.2,47.2,63.6,70.6,29.6,-23.4,264,147,0.556818182,58,78,20,68.5,31.7469697
moderate,firsthalf,50,REVS-T,94.71544715,5.284552846,202.3579093,87.9,26.2,262,73.8,91.42857143,100,17.14285714,0,82.85714286,100,100,54.6875,29.26829268,24.79338843,1.458670989,75.20661157,98.54132901,76.92307692,86.981402,37.5,13.33333333,0.141586592,NaN,66,89.1598916,10.8401084,26.2,76.92307692,23.07692308,82.85714286,17.14285714,0,82.85714286,100,100,54.6875,29.26829268,79,81,60.8,94.8,18.2,-13.8,95,26,0.273684211,86,100,14,72.2,23.52140351
moderate,firsthalf,50,REVS-T-Uniform,88.04469274,11.95530726,214.476415,68.2,10.5,105,89.5,72.85714286,100,54.28571429,0,45.71428571,100,100,68.62745098,70.37037037,31.44654088,1.213171577,68.55345912,98.78682842,93.45794393,72.33502538,47.05882353,14.15789474,0.057521066,NaN,54,78.2122905,21.7877095,10.5,93.45794393,6.542056075,45.71428571,54.28571429,0,45.71428571,100,100,68.62745098,70.37037037,93.2,55.2,64.4,81.2,28.8,-26,224,94,0.419642857,65,98,33,131.0526316,46.46773183
moderate,firsthalf,50,Threshold,91.08781127,8.912188729,207.7477434,84.9,23.7,237,76.3,95.71428571,100,8.571428571,0,91.42857143,100,100,52.23880597,15.78947368,39.07284768,1.470588235,60.92715232,98.52941176,86.76470588,86.76258993,53.88127854,16.33333333,0.137699763,NaN,66,86.63171691,13.36828309,23.7,86.76470588,13.23529412,91.42857143,8.571428571,0,91.42857143,100,100,52.23880597,15.78947368,79,80.8,60,89,19,-8.2,96,55,0.572916667,86,95,9,434,48.88194444
moderate,firsthalf,50,Threshold-MaxRep,85.45647558,14.54352442,219.6291759,73.6,5.8,58,94.2,77.14285714,97.14285714,42.85714286,2.857142857,57.14285714,97.14285714,93.75,62.96296296,58.82352941,48.10606061,1.474926254,51.89393939,98.52507375,92.70072993,82.98136646,63.34164589,8.266666667,0.207431335,NaN,65,71.44373673,28.55626327,5.8,92.70072993,7.299270073,57.14285714,42.85714286,2.857142857,57.14285714,97.14285714,93.75,62.96296296,58.82352941,93.2,72,67.8,75.2,25.4,-3.2,140,124,0.885714286,77,76,-1,102.6,27.7752381
moderate,firsthalf,50,Threshold-NoTierSel,89.21438083,10.78561917,211.6561195,83.1,24.9,249,75.1,95.71428571,100,8.571428571,0,91.42857143,100,100,52.23880597,15.78947368,42.6035503,1.546391753,57.3964497,98.45360825,88.88888889,85.52238806,57.6,18,0.136891026,NaN,62,85.35286285,14.64713715,24.9,88.88888889,11.11111111,91.42857143,8.571428571,0,91.42857143,100,100,52.23880597,15.78947368,77.2,79.8,56.8,86.4,20.4,-6.6,101,68,0.673267327,84,94,10,386,51.22112211
moderate,onoff,0,Beta,96.86868687,3.131313131,192.2321793,100,1,10,99,98.57142857,98.57142857,0,1.428571429,0,98.57142857,0,100,0,0,3.131313131,0,96.86868687,0,100,0,NaN,NaN,NaN,100,96.16161616,3.838383838,1,0,100,NaN,0,1.428571429,0,98.57142857,0,100,0,NaN,NaN,NaN,NaN,NaN,NaN,NaN,NaN,NaN,NaN,NaN,NaN,NaN,NaN
moderate,onoff,0,REVS-T,96.86552073,3.134479272,192.1211555,100,1.1,11,98.9,100,100,0,0,0,100,0,100,0,0,3.134479272,0,96.86552073,0,100,0,NaN,NaN,NaN,100,96.86552073,3.134479272,1.1,0,100,NaN,0,0,0,100,0,100,0,NaN,NaN,NaN,NaN,NaN,NaN,NaN,NaN,NaN,NaN,NaN,NaN,NaN,NaN
moderate,onoff,0,REVS-T-Uniform,96.86868687,3.131313131,192.2321793,100,1,10,99,100,100,0,0,0,100,0,100,0,0,3.131313131,0,96.86868687,0,100,0,NaN,NaN,NaN,100,84.24242424,15.75757576,1,0,100,NaN,0,0,0,100,0,100,0,NaN,NaN,NaN,NaN,NaN,NaN,NaN,NaN,NaN,NaN,NaN,NaN,NaN,NaN
moderate,onoff,0,Threshold,96.86552073,3.134479272,192.1211555,100,1.1,11,98.9,100,100,0,0,0,100,0,100,0,0,3.134479272,0,96.86552073,0,100,0,NaN,NaN,NaN,100,96.86552073,3.134479272,1.1,0,100,NaN,0,0,0,100,0,100,0,NaN,NaN,NaN,NaN,NaN,NaN,NaN,NaN,NaN,NaN,NaN,NaN,NaN,NaN
moderate,onoff,0,Threshold-MaxRep,96.86868687,3.131313131,192.2321793,100,1,10,99,100,100,0,0,0,100,0,100,0,0,3.131313131,0,96.86868687,0,100,0,NaN,NaN,NaN,100,96.66666667,3.333333333,1,0,100,NaN,0,0,0,100,0,100,0,NaN,NaN,NaN,NaN,NaN,NaN,NaN,NaN,NaN,NaN,NaN,NaN,NaN,NaN
moderate,onoff,0,Threshold-NoTierSel,96.8495935,3.150406504,191.7910098,100,1.6,16,98.4,98.57142857,98.57142857,0,1.428571429,0,98.57142857,0,100,0,0,3.150406504,0,96.8495935,0,100,0,NaN,NaN,NaN,100,94.61382114,5.386178862,1.6,0,100,NaN,0,1.428571429,0,98.57142857,0,100,0,NaN,NaN,NaN,NaN,NaN,NaN,NaN,NaN,NaN,NaN,NaN,NaN,NaN,NaN
moderate,onoff,10,Beta,96.95740365,3.042596349,201.1727914,99.9,1.4,14,98.6,97.14285714,98.41269841,14.28571429,1.587301587,85.71428571,98.41269841,50,91.17647059,22.22222222,100,2.944162437,0,97.05583756,3.333333333,100,6.451612903,1,0.582752181,NaN,100,96.04462475,3.955375254,1.4,3.333333333,96.66666667,85.71428571,14.28571429,1.587301587,85.71428571,98.41269841,50,91.17647059,22.22222222,NaN,NaN,NaN,NaN,NaN,NaN,NaN,NaN,NaN,NaN,NaN,NaN,NaN,NaN
moderate,onoff,10,REVS-T,96.84317719,3.156822811,201.5528383,99.8,1.8,18,98.2,97.14285714,100,28.57142857,0,71.42857143,100,100,92.64705882,44.44444444,100,2.959183673,0,97.04081633,6.451612903,100,12.12121212,1,0.325840655,NaN,100,94.39918534,5.600814664,1.8,6.451612903,93.5483871,71.42857143,28.57142857,0,71.42857143,100,100,92.64705882,44.44444444,NaN,NaN,NaN,NaN,NaN,NaN,NaN,NaN,NaN,NaN,NaN,NaN,NaN,NaN
moderate,onoff,10,REVS-T-Uniform,96.95740365,3.042596349,201.1727914,99.9,1.4,14,98.6,100,100,0,0,100,100,0,90,0,100,2.944162437,0,97.05583756,3.333333333,100,6.451612903,NaN,0.167238328,NaN,100,84.27991886,15.72008114,1.4,3.333333333,96.66666667,100,0,0,100,100,0,90,0,NaN,NaN,NaN,NaN,NaN,NaN,NaN,NaN,NaN,NaN,NaN,NaN,NaN,NaN
moderate,onoff,10,Threshold,96.84317719,3.156822811,201.5528383,99.8,1.8,18,98.2,97.14285714,100,28.57142857,0,71.42857143,100,100,92.64705882,44.44444444,100,2.959183673,0,97.04081633,6.451612903,100,12.12121212,1,0.311845963,NaN,100,94.39918534,5.600814664,1.8,6.451612903,93.5483871,71.42857143,28.57142857,0,71.42857143,100,100,92.64705882,44.44444444,NaN,NaN,NaN,NaN,NaN,NaN,NaN,NaN,NaN,NaN,NaN,NaN,NaN,NaN
moderate,onoff,10,Threshold-MaxRep,96.95740365,3.042596349,201.1727914,99.9,1.4,14,98.6,98.57142857,100,14.28571429,0,85.71428571,100,100,91.30434783,25,100,2.944162437,0,97.05583756,3.333333333,100,6.451612903,1,0.312723592,NaN,100,94.52332657,5.476673428,1.4,3.333333333,96.66666667,85.71428571,14.28571429,0,85.71428571,100,100,91.30434783,25,NaN,NaN,NaN,NaN,NaN,NaN,NaN,NaN,NaN,NaN,NaN,NaN,NaN,NaN
moderate,onoff,10,Threshold-NoTierSel,96.82702149,3.172978506,201.2242002,99.8,2.3,23,97.7,97.14285714,100,28.57142857,0,71.42857143,100,100,92.64705882,44.44444444,100,2.974358974,0,97.02564103,6.451612903,100,12.12121212,1,0.301300682,NaN,100,94.47287615,5.527123849,2.3,6.451612903,93.5483871,71.42857143,28.57142857,0,71.42857143,100,100,92.64705882,44.44444444,NaN,NaN,NaN,NaN,NaN,NaN,NaN,NaN,NaN,NaN,NaN,NaN,NaN,NaN
moderate,onoff,30,Beta,95.04741834,4.952581665,200.8053466,96.4,5.1,51,94.9,82.85714286,97.95918367,52.38095238,2.040816327,47.61904762,97.95918367,91.66666667,82.75862069,66.66666667,58.33333333,2.847754655,41.66666667,97.15224535,44.68085106,98.33702882,50.60240964,1,0.495644317,NaN,93,93.36143309,6.638566913,5.1,44.68085106,55.31914894,47.61904762,52.38095238,2.040816327,47.61904762,97.95918367,91.66666667,82.75862069,66.66666667,NaN,NaN,NaN,NaN,NaN,NaN,NaN,NaN,NaN,NaN,NaN,NaN,NaN,NaN
moderate,onoff,30,REVS-T,94.66811752,5.331882481,201.7144464,96.6,8.1,81,91.9,84.28571429,100,52.38095238,0,47.61904762,100,100,83.05084746,68.75,67.64705882,2.937853107,32.35294118,97.06214689,46.93877551,98.73563218,55.42168675,2.454545455,0.209841203,NaN,93,94.88574538,5.114254625,8.1,46.93877551,53.06122449,47.61904762,52.38095238,0,47.61904762,100,100,83.05084746,68.75,NaN,NaN,NaN,NaN,NaN,NaN,NaN,NaN,NaN,NaN,NaN,NaN,NaN,NaN
moderate,onoff,30,REVS-T-Uniform,94.40337909,5.596620908,202.0644606,95.2,5.3,53,94.7,90,100,33.33333333,0,66.66666667,100,100,77.77777778,50,58.33333333,2.780867631,41.66666667,97.21913237,52.83018868,97.76286353,55.44554455,4.285714286,0.157451663,NaN,88,83.63252376,16.36747624,5.3,52.83018868,47.16981132,66.66666667,33.33333333,0,66.66666667,100,100,77.77777778,50,NaN,NaN,NaN,NaN,NaN,NaN,NaN,NaN,NaN,NaN,NaN,NaN,NaN,NaN
moderate,onoff,30,Threshold,94.66811752,5.331882481,201.7144464,96.6,8.1,81,91.9,88.57142857,100,38.0952381,0,61.9047619,100,100,79.03225806,55.17241379,67.64705882,2.937853107,32.35294118,97.06214689,46.93877551,98.73563218,55.42168675,1,0.197083387,NaN,93,94.88574538,5.114254625,8.1,46.93877551,53.06122449,61.9047619,38.0952381,0,61.9047619,100,100,79.03225806,55.17241379,NaN,NaN,NaN,NaN,NaN,NaN,NaN,NaN,NaN,NaN,NaN,NaN,NaN,NaN
moderate,onoff,30,Threshold-MaxRep,94.7257384,5.274261603,201.7596828,96.1,5.2,52,94.8,87.14285714,100,42.85714286,0,57.14285714,100,100,80.32786885,60,61.53846154,2.860286029,38.46153846,97.13971397,48,98.32962138,53.93258427,1.444444444,0.268787121,NaN,94,91.98312236,8.016877637,5.2,48,52,57.14285714,42.85714286,0,57.14285714,100,100,80.32786885,60,NaN,NaN,NaN,NaN,NaN,NaN,NaN,NaN,NaN,NaN,NaN,NaN,NaN,NaN
moderate,onoff,30,Threshold-NoTierSel,94.06593407,5.934065934,202.9372595,95.2,9,90,91,85.71428571,100,47.61904762,0,52.38095238,100,100,81.66666667,64.51612903,60.41666667,2.900232019,39.58333333,97.09976798,53.7037037,97.78037383,56.8627451,3,0.206773885,NaN,89,93.07692308,6.923076923,9,53.7037037,46.2962963,52.38095238,47.61904762,0,52.38095238,100,100,81.66666667,64.51612903,NaN,NaN,NaN,NaN,NaN,NaN,NaN,NaN,NaN,NaN,NaN,NaN,NaN,NaN
moderate,onoff,50,Beta,84.31372549,15.68627451,219.3453259,75.6,8.2,82,91.8,71.42857143,100,57.14285714,0,42.85714286,100,100,70,72.72727273,53.27868852,2.077151335,46.72131148,97.92284866,90.27777778,85.27131783,67.01030928,1,0.46544113,NaN,72,71.56862745,28.43137255,8.2,90.27777778,9.722222222,42.85714286,57.14285714,0,42.85714286,100,100,70,72.72727273,NaN,NaN,NaN,NaN,NaN,NaN,NaN,NaN,NaN,NaN,NaN,NaN,NaN,NaN
moderate,onoff,50,REVS-T,90.25787966,9.742120344,209.036059,90.9,30.2,302,69.8,71.42857143,100,57.14285714,0,42.85714286,100,100,70,72.72727273,61.53846154,1.97693575,38.46153846,98.02306425,82.35294118,94.44444444,70.44025157,2.3,0.133634716,NaN,74,89.68481375,10.31518625,30.2,82.35294118,17.64705882,42.85714286,57.14285714,0,42.85714286,100,100,70,72.72727273,NaN,NaN,NaN,NaN,NaN,NaN,NaN,NaN,NaN,NaN,NaN,NaN,NaN,NaN
moderate,onoff,50,REVS-T-Uniform,85.03562945,14.96437055,215.3911495,79.8,15.8,158,84.2,71.42857143,100,57.14285714,0,42.85714286,100,100,70,72.72727273,55.44554455,2.1875,44.55445545,97.8125,88.88888889,87.4301676,68.29268293,4.75,0.150469178,NaN,58,68.40855107,31.59144893,15.8,88.88888889,11.11111111,42.85714286,57.14285714,0,42.85714286,100,100,70,72.72727273,NaN,NaN,NaN,NaN,NaN,NaN,NaN,NaN,NaN,NaN,NaN,NaN,NaN,NaN
moderate,onoff,50,Threshold,88.9818689,11.0181311,211.7482863,88.6,28.3,283,71.7,74.28571429,100,51.42857143,0,48.57142857,100,100,67.30769231,67.9245283,58.77192982,1.990049751,41.22807018,98.00995025,84.81012658,92.63322884,69.43005181,2.555555556,0.108758673,NaN,74,89.67921897,10.32078103,28.3,84.81012658,15.18987342,48.57142857,51.42857143,0,48.57142857,100,100,67.30769231,67.9245283,NaN,NaN,NaN,NaN,NaN,NaN,NaN,NaN,NaN,NaN,NaN,NaN,NaN,NaN
moderate,onoff,50,Threshold-MaxRep,82.78867102,17.21132898,221.5850964,72.9,8.2,82,91.8,74.28571429,97.14285714,48.57142857,2.857142857,51.42857143,97.14285714,94.44444444,65.38461538,64.1509434,52.76752768,2.318392581,47.23247232,97.68160742,90.50632911,83.15789474,66.66666667,1.588235294,0.209635352,NaN,69,71.45969499,28.54030501,8.2,90.50632911,9.493670886,51.42857143,48.57142857,2.857142857,51.42857143,97.14285714,94.44444444,65.38461538,64.1509434,NaN,NaN,NaN,NaN,NaN,NaN,NaN,NaN,NaN,NaN,NaN,NaN,NaN,NaN
moderate,onoff,50,Threshold-NoTierSel,88.77980365,11.22019635,212.2446588,88.1,28.7,287,71.3,75.71428571,100,48.57142857,0,51.42857143,100,100,66.03773585,65.38461538,57.98319328,1.851851852,42.01680672,98.14814815,86.25,92.10110585,69.34673367,1.705882353,0.116645469,NaN,76,88.77980365,11.22019635,28.7,86.25,13.75,51.42857143,48.57142857,0,51.42857143,100,100,66.03773585,65.38461538,NaN,NaN,NaN,NaN,NaN,NaN,NaN,NaN,NaN,NaN,NaN,NaN,NaN,NaN
xu_aligned,always,0,Beta,96.8875502,3.112449799,197.4033986,100,0.4,4,99.6,98.57142857,98.57142857,0,1.428571429,0,98.57142857,0,100,0,0,3.112449799,0,96.8875502,0,100,0,NaN,NaN,NaN,100,96.08433735,3.915662651,0.4,0,100,NaN,0,1.428571429,0,98.57142857,0,100,0,NaN,NaN,NaN,NaN,NaN,NaN,NaN,NaN,NaN,NaN,NaN,NaN,NaN,NaN
xu_aligned,always,0,REVS-T,96.8875502,3.112449799,197.4033986,100,0.4,4,99.6,100,100,0,0,0,100,0,100,0,0,3.112449799,0,96.8875502,0,100,0,NaN,NaN,NaN,100,100,0,0.4,0,100,NaN,0,0,0,100,0,100,0,NaN,NaN,NaN,NaN,NaN,NaN,NaN,NaN,NaN,NaN,NaN,NaN,NaN,NaN
xu_aligned,always,0,REVS-T-Uniform,96.8875502,3.112449799,197.4033986,100,0.4,4,99.6,100,100,0,0,0,100,0,100,0,0,3.112449799,0,96.8875502,0,100,0,NaN,NaN,NaN,100,84.73895582,15.26104418,0.4,0,100,NaN,0,0,0,100,0,100,0,NaN,NaN,NaN,NaN,NaN,NaN,NaN,NaN,NaN,NaN,NaN,NaN,NaN,NaN
xu_aligned,always,0,Threshold,96.8875502,3.112449799,197.4033986,100,0.4,4,99.6,100,100,0,0,0,100,0,100,0,0,3.112449799,0,96.8875502,0,100,0,NaN,NaN,NaN,100,100,0,0.4,0,100,NaN,0,0,0,100,0,100,0,NaN,NaN,NaN,NaN,NaN,NaN,NaN,NaN,NaN,NaN,NaN,NaN,NaN,NaN
xu_aligned,always,0,Threshold-MaxRep,96.8875502,3.112449799,197.4033986,100,0.4,4,99.6,100,100,0,0,0,100,0,100,0,0,3.112449799,0,96.8875502,0,100,0,NaN,NaN,NaN,100,100,0,0.4,0,100,NaN,0,0,0,100,0,100,0,NaN,NaN,NaN,NaN,NaN,NaN,NaN,NaN,NaN,NaN,NaN,NaN,NaN,NaN
xu_aligned,always,0,Threshold-NoTierSel,96.8875502,3.112449799,197.4033986,100,0.4,4,99.6,100,100,0,0,0,100,0,100,0,0,3.112449799,0,96.8875502,0,100,0,NaN,NaN,NaN,100,100,0,0.4,0,100,NaN,0,0,0,100,0,100,0,NaN,NaN,NaN,NaN,NaN,NaN,NaN,NaN,NaN,NaN,NaN,NaN,NaN,NaN
xu_aligned,always,10,Beta,96.94189602,3.058103976,196.6336911,99.8,1.9,19,98.1,97.14285714,100,28.57142857,0,71.42857143,100,100,92.64705882,44.44444444,100,2.860061287,0,97.13993871,6.666666667,100,12.5,1,0.582124804,NaN,100,96.53414883,3.465851172,1.9,6.666666667,93.33333333,71.42857143,28.57142857,0,71.42857143,100,100,92.64705882,44.44444444,NaN,NaN,NaN,NaN,NaN,NaN,NaN,NaN,NaN,NaN,NaN,NaN,NaN,NaN
xu_aligned,always,10,REVS-T,97.04383282,2.956167176,196.3634662,99.9,1.9,19,98.1,98.57142857,100,14.28571429,0,85.71428571,100,100,91.30434783,25,100,2.857142857,0,97.14285714,3.448275862,100,6.666666667,1,0.344245486,NaN,100,99.8980632,0.101936799,1.9,3.448275862,96.55172414,85.71428571,14.28571429,0,85.71428571,100,100,91.30434783,25,NaN,NaN,NaN,NaN,NaN,NaN,NaN,NaN,NaN,NaN,NaN,NaN,NaN,NaN
xu_aligned,always,10,REVS-T-Uniform,96.83995923,3.160040775,196.9679223,99.7,1.9,19,98.1,98.57142857,100,14.28571429,0,85.71428571,100,100,91.30434783,25,100,2.862985685,0,97.13701431,9.677419355,100,17.64705882,2,0.173600759,NaN,100,85.32110092,14.67889908,1.9,9.677419355,90.32258065,85.71428571,14.28571429,0,85.71428571,100,100,91.30434783,25,NaN,NaN,NaN,NaN,NaN,NaN,NaN,NaN,NaN,NaN,NaN,NaN,NaN,NaN
xu_aligned,always,10,Threshold,97.04383282,2.956167176,196.3634662,99.9,1.9,19,98.1,98.57142857,100,14.28571429,0,85.71428571,100,100,91.30434783,25,100,2.857142857,0,97.14285714,3.448275862,100,6.666666667,1,0.32987557,NaN,100,99.8980632,0.101936799,1.9,3.448275862,96.55172414,85.71428571,14.28571429,0,85.71428571,100,100,91.30434783,25,NaN,NaN,NaN,NaN,NaN,NaN,NaN,NaN,NaN,NaN,NaN,NaN,NaN,NaN
xu_aligned,always,10,Threshold-MaxRep,97.04383282,2.956167176,196.3634662,99.9,1.9,19,98.1,98.57142857,100,14.28571429,0,85.71428571,100,100,91.30434783,25,100,2.857142857,0,97.14285714,3.448275862,100,6.666666667,1,0.331539364,NaN,100,99.8980632,0.101936799,1.9,3.448275862,96.55172414,85.71428571,14.28571429,0,85.71428571,100,100,91.30434783,25,NaN,NaN,NaN,NaN,NaN,NaN,NaN,NaN,NaN,NaN,NaN,NaN,NaN,NaN
xu_aligned,always,10,Threshold-NoTierSel,96.93877551,3.06122449,196.959496,99.8,2,20,98,97.14285714,100,28.57142857,0,71.42857143,100,100,92.64705882,44.44444444,100,2.862985685,0,97.13701431,6.666666667,100,12.5,1,0.329962039,NaN,100,99.79591837,0.204081633,2,6.666666667,93.33333333,71.42857143,28.57142857,0,71.42857143,100,100,92.64705882,44.44444444,NaN,NaN,NaN,NaN,NaN,NaN,NaN,NaN,NaN,NaN,NaN,NaN,NaN,NaN
xu_aligned,always,30,Beta,90.1194354,9.880564604,211.5644424,93.7,7.9,79,92.1,78.57142857,97.95918367,66.66666667,2.040816327,33.33333333,97.95918367,93.33333333,87.27272727,77.77777778,100,3.263403263,0,96.73659674,69.23076923,100,81.81818182,1,0.686850239,NaN,87,90.4451683,9.554831705,7.9,69.23076923,30.76923077,33.33333333,66.66666667,2.040816327,33.33333333,97.95918367,93.33333333,87.27272727,77.77777778,NaN,NaN,NaN,NaN,NaN,NaN,NaN,NaN,NaN,NaN,NaN,NaN,NaN,NaN
xu_aligned,always,30,REVS-T,95.221843,4.778156997,201.468354,98.6,12.1,121,87.9,80,100,66.66666667,0,33.33333333,100,100,87.5,80,100,3.23699422,0,96.76300578,33.33333333,100,50,1,0.337020729,NaN,94,98.407281,1.592718999,12.1,33.33333333,66.66666667,33.33333333,66.66666667,0,33.33333333,100,100,87.5,80,NaN,NaN,NaN,NaN,NaN,NaN,NaN,NaN,NaN,NaN,NaN,NaN,NaN,NaN
xu_aligned,always,30,REVS-T-Uniform,90.81858407,9.181415929,209.9150345,94.5,9.6,96,90.4,80,100,66.66666667,0,33.33333333,100,100,87.5,80,100,3.297997644,0,96.70200236,66.26506024,100,79.71014493,2,0.17755043,NaN,81,82.30088496,17.69911504,9.6,66.26506024,33.73493976,33.33333333,66.66666667,0,33.33333333,100,100,87.5,80,NaN,NaN,NaN,NaN,NaN,NaN,NaN,NaN,NaN,NaN,NaN,NaN,NaN,NaN
xu_aligned,always,30,Threshold,95.221843,4.778156997,201.468354,98.6,12.1,121,87.9,80,100,66.66666667,0,33.33333333,100,100,87.5,80,100,3.23699422,0,96.76300578,33.33333333,100,50,1,0.325520482,NaN,94,98.407281,1.592718999,12.1,33.33333333,66.66666667,33.33333333,66.66666667,0,33.33333333,100,100,87.5,80,NaN,NaN,NaN,NaN,NaN,NaN,NaN,NaN,NaN,NaN,NaN,NaN,NaN,NaN
xu_aligned,always,30,Threshold-MaxRep,90.87947883,9.120521173,209.9756878,94.4,7.9,79,92.1,80,100,66.66666667,0,33.33333333,100,100,87.5,80,100,3.23699422,0,96.76300578,66.66666667,100,80,1,0.355830783,NaN,92,93.91965255,6.080347448,7.9,66.66666667,33.33333333,33.33333333,66.66666667,0,33.33333333,100,100,87.5,80,NaN,NaN,NaN,NaN,NaN,NaN,NaN,NaN,NaN,NaN,NaN,NaN,NaN,NaN
xu_aligned,always,30,Threshold-NoTierSel,95.17241379,4.827586207,201.1414001,98.6,13,130,87,80,100,66.66666667,0,33.33333333,100,100,87.5,80,100,3.271028037,0,96.72897196,33.33333333,100,50,1,0.32563494,NaN,88,98.3908046,1.609195402,13,33.33333333,66.66666667,33.33333333,66.66666667,0,33.33333333,100,100,87.5,80,NaN,NaN,NaN,NaN,NaN,NaN,NaN,NaN,NaN,NaN,NaN,NaN,NaN,NaN
xu_aligned,always,50,Beta,74.4160178,25.5839822,231.8222141,78.9,10.1,101,89.9,72.85714286,97.14285714,51.42857143,2.857142857,48.57142857,97.14285714,94.73684211,66.66666667,66.66666667,100,2.761627907,0,97.23837209,91.73913043,100,95.69160998,1,0.755782853,NaN,73,74.19354839,25.80645161,10.1,91.73913043,8.260869565,48.57142857,51.42857143,2.857142857,48.57142857,97.14285714,94.73684211,66.66666667,66.66666667,NaN,NaN,NaN,NaN,NaN,NaN,NaN,NaN,NaN,NaN,NaN,NaN,NaN,NaN
xu_aligned,always,50,REVS-T,94.68531469,5.314685315,195.367427,98.2,28.5,285,71.5,74.28571429,100,51.42857143,0,48.57142857,100,100,67.30769231,67.9245283,100,2.869440459,0,97.13055954,47.36842105,100,64.28571429,1,0.329079855,NaN,86,97.48251748,2.517482517,28.5,47.36842105,52.63157895,48.57142857,51.42857143,0,48.57142857,100,100,67.30769231,67.9245283,NaN,NaN,NaN,NaN,NaN,NaN,NaN,NaN,NaN,NaN,NaN,NaN,NaN,NaN
xu_aligned,always,50,REVS-T-Uniform,88.22733424,11.77266576,207.5467051,93.2,26.1,261,73.9,72.85714286,97.14285714,51.42857143,2.857142857,48.57142857,97.14285714,94.73684211,66.66666667,66.66666667,100,2.831594635,0,97.16840537,78.16091954,100,87.74193548,2,0.168868087,NaN,65,78.34912043,21.65087957,26.1,78.16091954,21.83908046,48.57142857,51.42857143,2.857142857,48.57142857,97.14285714,94.73684211,66.66666667,66.66666667,NaN,NaN,NaN,NaN,NaN,NaN,NaN,NaN,NaN,NaN,NaN,NaN,NaN,NaN
xu_aligned,always,50,Threshold,94.68531469,5.314685315,195.367427,98.2,28.5,285,71.5,74.28571429,100,51.42857143,0,48.57142857,100,100,67.30769231,67.9245283,100,2.869440459,0,97.13055954,47.36842105,100,64.28571429,1,0.319831853,NaN,86,97.48251748,2.517482517,28.5,47.36842105,52.63157895,48.57142857,51.42857143,0,48.57142857,100,100,67.30769231,67.9245283,NaN,NaN,NaN,NaN,NaN,NaN,NaN,NaN,NaN,NaN,NaN,NaN,NaN,NaN
xu_aligned,always,50,Threshold-MaxRep,75.30589544,24.69410456,230.6578742,79.8,10.1,101,89.9,74.28571429,100,51.42857143,0,48.57142857,100,100,67.30769231,67.9245283,100,2.869440459,0,97.13055954,90.99099099,100,95.28301887,1,0.363352944,NaN,82,77.53058954,22.46941046,10.1,90.99099099,9.009009009,48.57142857,51.42857143,0,48.57142857,100,100,67.30769231,67.9245283,NaN,NaN,NaN,NaN,NaN,NaN,NaN,NaN,NaN,NaN,NaN,NaN,NaN,NaN
xu_aligned,always,50,Threshold-NoTierSel,94.7740113,5.225988701,194.826828,98.2,29.2,292,70.8,74.28571429,100,51.42857143,0,48.57142857,100,100,67.30769231,67.9245283,100,2.753623188,0,97.24637681,48.64864865,100,65.45454545,1,0.320063446,NaN,84,97.45762712,2.542372881,29.2,48.64864865,51.35135135,48.57142857,51.42857143,0,48.57142857,100,100,67.30769231,67.9245283,NaN,NaN,NaN,NaN,NaN,NaN,NaN,NaN,NaN,NaN,NaN,NaN,NaN,NaN
xu_aligned,firsthalf,0,Beta,97.77777778,2.222222222,195.1305217,100,1,10,99,98.57142857,98.57142857,0,1.428571429,0,98.57142857,0,100,0,0,2.222222222,0,97.77777778,0,100,0,NaN,NaN,NaN,100,95.95959596,4.04040404,1,0,100,NaN,0,1.428571429,0,98.57142857,0,100,0,96.6,100,97,100,-0.4,0,0,0,NaN,100,100,0,NaN,NaN
xu_aligned,firsthalf,0,REVS-T,97.77777778,2.222222222,195.1305217,100,1,10,99,100,100,0,0,0,100,0,100,0,0,2.222222222,0,97.77777778,0,100,0,NaN,NaN,NaN,100,100,0,1,0,100,NaN,0,0,0,100,0,100,0,96.6,100,97,100,-0.4,0,0,0,NaN,100,100,0,NaN,NaN
xu_aligned,firsthalf,0,REVS-T-Uniform,97.77777778,2.222222222,195.1305217,100,1,10,99,100,100,0,0,0,100,0,100,0,0,2.222222222,0,97.77777778,0,100,0,NaN,NaN,NaN,100,84.04040404,15.95959596,1,0,100,NaN,0,0,0,100,0,100,0,96.6,100,97,100,-0.4,0,0,0,NaN,100,100,0,NaN,NaN
xu_aligned,firsthalf,0,Threshold,97.77777778,2.222222222,195.1305217,100,1,10,99,100,100,0,0,0,100,0,100,0,0,2.222222222,0,97.77777778,0,100,0,NaN,NaN,NaN,100,100,0,1,0,100,NaN,0,0,0,100,0,100,0,96.6,100,97,100,-0.4,0,0,0,NaN,100,100,0,NaN,NaN
xu_aligned,firsthalf,0,Threshold-MaxRep,97.77777778,2.222222222,195.1305217,100,1,10,99,100,100,0,0,0,100,0,100,0,0,2.222222222,0,97.77777778,0,100,0,NaN,NaN,NaN,100,100,0,1,0,100,NaN,0,0,0,100,0,100,0,96.6,100,97,100,-0.4,0,0,0,NaN,100,100,0,NaN,NaN
xu_aligned,firsthalf,0,Threshold-NoTierSel,97.77777778,2.222222222,195.1305217,100,1,10,99,100,100,0,0,0,100,0,100,0,0,2.222222222,0,97.77777778,0,100,0,NaN,NaN,NaN,100,100,0,1,0,100,NaN,0,0,0,100,0,100,0,96.6,100,97,100,-0.4,0,0,0,NaN,100,100,0,NaN,NaN
xu_aligned,firsthalf,10,Beta,96.53414883,3.465851172,195.1539368,100,1.9,19,98.1,95.71428571,95.23809524,0,4.761904762,100,95.23809524,0,89.55223881,0,0,3.465851172,0,96.53414883,0,100,0,NaN,NaN,NaN,100,95.92252803,4.077471967,1.9,0,100,100,0,4.761904762,100,95.23809524,0,89.55223881,0,93.8,100,95.6,100,-1.8,0,0,0,NaN,100,100,0,NaN,NaN
xu_aligned,firsthalf,10,REVS-T,96.53767821,3.462321792,195.1854973,100,1.8,18,98.2,98.57142857,98.41269841,0,1.587301587,100,98.41269841,0,89.85507246,0,0,3.462321792,0,96.53767821,0,100,0,NaN,NaN,NaN,100,100,0,1.8,0,100,100,0,1.587301587,100,98.41269841,0,89.85507246,0,94,100,95.6,100,-1.6,0,0,0,NaN,100,100,0,NaN,NaN
xu_aligned,firsthalf,10,REVS-T-Uniform,96.53767821,3.462321792,195.1854973,99.9,1.8,18,98.2,98.57142857,98.41269841,0,1.587301587,100,98.41269841,0,89.85507246,0,0,3.465851172,100,96.53414883,0,99.89451477,0,NaN,0.094098218,NaN,100,84.62321792,15.37678208,1.8,0,100,100,0,1.587301587,100,98.41269841,0,89.85507246,0,94,99.8,95.6,100,-1.6,-0.2,1,0,0,100,100,0,NaN,3.466666667
xu_aligned,firsthalf,10,Threshold,96.53767821,3.462321792,195.1854973,100,1.8,18,98.2,100,100,0,0,100,100,0,90,0,0,3.462321792,0,96.53767821,0,100,0,NaN,NaN,NaN,100,100,0,1.8,0,100,100,0,0,100,100,0,90,0,94,100,95.6,100,-1.6,0,0,0,NaN,100,100,0,NaN,NaN
xu_aligned,firsthalf,10,Threshold-MaxRep,96.53767821,3.462321792,195.1854973,100,1.8,18,98.2,100,100,0,0,100,100,0,90,0,0,3.462321792,0,96.53767821,0,100,0,NaN,NaN,NaN,100,100,0,1.8,0,100,100,0,0,100,100,0,90,0,94,100,95.6,100,-1.6,0,0,0,NaN,100,100,0,NaN,NaN
xu_aligned,firsthalf,10,Threshold-NoTierSel,96.53767821,3.462321792,195.1854973,100,1.8,18,98.2,100,100,0,0,100,100,0,90,0,0,3.462321792,0,96.53767821,0,100,0,NaN,NaN,NaN,100,100,0,1.8,0,100,100,0,0,100,100,0,90,0,94,100,95.6,100,-1.6,0,0,0,NaN,100,100,0,NaN,NaN
xu_aligned,firsthalf,30,Beta,96.04166667,3.958333333,198.161168,96.7,4,40,96,97.14285714,97.95918367,4.761904762,2.040816327,95.23809524,97.95918367,50,70.58823529,8.695652174,30.3030303,3.020496224,69.6969697,96.97950378,26.31578947,97.50542299,28.16901408,1,0.199879968,NaN,93,96.14583333,3.854166667,4,26.31578947,73.68421053,95.23809524,4.761904762,2.040816327,95.23809524,97.95918367,50,70.58823529,8.695652174,93.2,95.2,91.2,98.2,2,-3,24,9,0.375,98,99,1,460,40.25
xu_aligned,firsthalf,30,REVS-T,96.55172414,3.448275862,196.8538097,98.5,4.3,43,95.7,94.28571429,100,19.04761905,0,80.95238095,100,100,74.24242424,32,26.66666667,3.078556263,73.33333333,96.92144374,12.12121212,98.80952381,16.66666667,1.75,0.289538062,NaN,95,98.43260188,1.567398119,4.3,12.12121212,87.87878788,80.95238095,19.04761905,0,80.95238095,100,100,74.24242424,32,93.2,97.8,91.6,99.2,1.6,-1.4,11,4,0.363636364,99,99,0,262,39.39393939
xu_aligned,firsthalf,30,REVS-T-Uniform,95.83333333,4.166666667,198.5256044,95.6,4,40,96,97.14285714,100,9.523809524,0,90.47619048,100,100,72.05882353,17.39130435,27.27272727,3.056768559,72.72727273,96.94323144,30,96.52173913,28.57142857,4,0.082477416,NaN,91,83.95833333,16.04166667,4,30,70,90.47619048,9.523809524,0,90.47619048,100,100,72.05882353,17.39130435,93.2,93.4,90.8,97.8,2.4,-4.4,33,11,0.333333333,97,99,2,288,40.22222222
xu_aligned,firsthalf,30,Threshold,96.55172414,3.448275862,196.8538097,98.5,4.3,43,95.7,94.28571429,100,19.04761905,0,80.95238095,100,100,74.24242424,32,26.66666667,3.078556263,73.33333333,96.92144374,12.12121212,98.80952381,16.66666667,1.75,0.278748088,NaN,95,98.43260188,1.567398119,4.3,12.12121212,87.87878788,80.95238095,19.04761905,0,80.95238095,100,100,74.24242424,32,93.2,97.8,91.6,99.2,1.6,-1.4,11,4,0.363636364,99,99,0,262,39.39393939
xu_aligned,firsthalf,30,Threshold-MaxRep,96.25,3.75,197.7331546,98.2,4,40,96,91.42857143,100,28.57142857,0,71.42857143,100,100,76.5625,44.44444444,38.88888889,3.078556263,61.11111111,96.92144374,19.44444444,98.80952381,25.92592593,2.166666667,0.28591646,NaN,95,98.125,1.875,4,19.44444444,80.55555556,71.42857143,28.57142857,0,71.42857143,100,100,76.5625,44.44444444,93.2,97.8,91.6,98.6,1.6,-0.8,11,7,0.636363636,98,99,1,242,43.53939394
xu_aligned,firsthalf,30,Threshold-NoTierSel,96.73340358,3.266596417,196.1059296,98.2,5.1,51,94.9,97.14285714,100,9.523809524,0,90.47619048,100,100,72.05882353,17.39130435,11.11111111,3.114930183,88.88888889,96.88506982,6.451612903,98.25708061,8.163265306,2,0.272218006,NaN,93,98.1032666,1.896733404,5.1,6.451612903,93.5483871,90.47619048,9.523809524,0,90.47619048,100,100,72.05882353,17.39130435,92.4,96.8,91.2,99.6,1.2,-2.8,16,2,0.125,99,100,1,99.5,16.01666667
xu_aligned,firsthalf,50,Beta,80.91106291,19.08893709,226.6155591,57.5,7.8,78,92.2,98.57142857,97.14285714,0,2.857142857,100,97.14285714,0,49.27536232,0,38.35294118,2.615694165,61.64705882,97.38430584,92.61363636,64.87935657,54.24292845,NaN,0.103997502,NaN,45,94.79392625,5.206073753,7.8,92.61363636,7.386363636,100,0,2.857142857,100,97.14285714,0,49.27536232,0,89.2,45.8,60,69.2,29.2,-23.4,271,154,0.568265683,58,70,12,NaN,31.07109471
xu_aligned,firsthalf,50,REVS-T,96.73295455,3.267045455,195.8310357,95.6,29.6,296,70.4,97.14285714,100,5.714285714,0,94.28571429,100,100,51.47058824,10.81081081,4.545454545,3.181818182,95.45454545,96.81818182,8.695652174,93.83259912,5.970149254,2.5,0.270816513,NaN,78,93.75,6.25,29.6,8.695652174,91.30434783,94.28571429,5.714285714,0,94.28571429,100,100,51.47058824,10.81081081,73.4,91.2,62.8,100,10.6,-8.8,44,0,0,100,100,0,NaN,3.466666667
xu_aligned,firsthalf,50,REVS-T-Uniform,85.99766628,14.00233372,214.6220781,61.8,14.3,143,85.7,71.42857143,100,57.14285714,0,42.85714286,100,100,70,72.72727273,28.0104712,2.736842105,71.9895288,97.26315789,89.16666667,62.68656716,42.62948207,16.45,0.040003992,NaN,45,76.19603267,23.80396733,14.3,89.16666667,10.83333333,42.85714286,57.14285714,0,42.85714286,100,100,70,72.72727273,89.2,43,58.2,80.6,31,-37.6,285,97,0.340350877,54,100,46,97.21052632,49.3005848
xu_aligned,firsthalf,50,Threshold,96.73295455,3.267045455,195.8310357,95.6,29.6,296,70.4,97.14285714,100,5.714285714,0,94.28571429,100,100,51.47058824,10.81081081,4.545454545,3.181818182,95.45454545,96.81818182,8.695652174,93.83259912,5.970149254,2.5,0.262876521,NaN,78,93.75,6.25,29.6,8.695652174,91.30434783,94.28571429,5.714285714,0,94.28571429,100,100,51.47058824,10.81081081,73.4,91.2,62.8,100,10.6,-8.8,44,0,0,100,100,0,NaN,3.466666667
xu_aligned,firsthalf,50,Threshold-MaxRep,82.42950108,17.57049892,223.6307067,73.8,7.8,78,92.2,71.42857143,100,57.14285714,0,42.85714286,100,100,70,72.72727273,53.81679389,3.181818182,46.18320611,96.81818182,87.03703704,84.07894737,66.50943396,6.45,0.301012441,NaN,74,71.5835141,28.4164859,7.8,87.03703704,12.96296296,42.85714286,57.14285714,0,42.85714286,100,100,70,72.72727273,89.2,75.2,62.8,72.4,26.4,2.8,124,138,1.112903226,66,72,6,35.94117647,27.34054396
xu_aligned,firsthalf,50,Threshold-NoTierSel,96.80696662,3.193033382,195.7131695,95.6,31.1,311,68.9,98.57142857,100,2.857142857,0,97.14285714,100,100,50.72463768,5.555555556,2.272727273,3.255813953,97.72727273,96.74418605,4.545454545,93.55322339,3.03030303,2,0.260535942,NaN,67,93.61393324,6.386066763,31.1,4.545454545,95.45454545,97.14285714,2.857142857,0,97.14285714,100,100,50.72463768,5.555555556,70.6,91.2,62.8,100,7.8,-8.8,44,0,0,100,100,0,NaN,3.466666667
xu_aligned,onoff,0,Beta,96.75785208,3.242147923,195.9677884,100,1.3,13,98.7,98.57142857,98.57142857,0,1.428571429,0,98.57142857,0,100,0,0,3.242147923,0,96.75785208,0,100,0,NaN,NaN,NaN,100,96.45390071,3.546099291,1.3,0,100,NaN,0,1.428571429,0,98.57142857,0,100,0,NaN,NaN,NaN,NaN,NaN,NaN,NaN,NaN,NaN,NaN,NaN,NaN,NaN,NaN
xu_aligned,onoff,0,REVS-T,96.75785208,3.242147923,195.9677884,100,1.3,13,98.7,100,100,0,0,0,100,0,100,0,0,3.242147923,0,96.75785208,0,100,0,NaN,NaN,NaN,100,100,0,1.3,0,100,NaN,0,0,0,100,0,100,0,NaN,NaN,NaN,NaN,NaN,NaN,NaN,NaN,NaN,NaN,NaN,NaN,NaN,NaN
xu_aligned,onoff,0,REVS-T-Uniform,96.75785208,3.242147923,195.9677884,100,1.3,13,98.7,100,100,0,0,0,100,0,100,0,0,3.242147923,0,96.75785208,0,100,0,NaN,NaN,NaN,100,85.10638298,14.89361702,1.3,0,100,NaN,0,0,0,100,0,100,0,NaN,NaN,NaN,NaN,NaN,NaN,NaN,NaN,NaN,NaN,NaN,NaN,NaN,NaN
xu_aligned,onoff,0,Threshold,96.75785208,3.242147923,195.9677884,100,1.3,13,98.7,100,100,0,0,0,100,0,100,0,0,3.242147923,0,96.75785208,0,100,0,NaN,NaN,NaN,100,100,0,1.3,0,100,NaN,0,0,0,100,0,100,0,NaN,NaN,NaN,NaN,NaN,NaN,NaN,NaN,NaN,NaN,NaN,NaN,NaN,NaN
xu_aligned,onoff,0,Threshold-MaxRep,96.75785208,3.242147923,195.9677884,100,1.3,13,98.7,100,100,0,0,0,100,0,100,0,0,3.242147923,0,96.75785208,0,100,0,NaN,NaN,NaN,100,100,0,1.3,0,100,NaN,0,0,0,100,0,100,0,NaN,NaN,NaN,NaN,NaN,NaN,NaN,NaN,NaN,NaN,NaN,NaN,NaN,NaN
xu_aligned,onoff,0,Threshold-NoTierSel,96.75785208,3.242147923,195.9677884,100,1.3,13,98.7,100,100,0,0,0,100,0,100,0,0,3.242147923,0,96.75785208,0,100,0,NaN,NaN,NaN,100,100,0,1.3,0,100,NaN,0,0,0,100,0,100,0,NaN,NaN,NaN,NaN,NaN,NaN,NaN,NaN,NaN,NaN,NaN,NaN,NaN,NaN
xu_aligned,onoff,10,Beta,96.31147541,3.68852459,189.3504779,99.8,2.4,24,97.6,95.71428571,98.41269841,28.57142857,1.587301587,71.42857143,98.41269841,66.66666667,92.53731343,40,100,3.490759754,0,96.50924025,5.555555556,100,10.52631579,1,0.579517476,NaN,100,96.10655738,3.893442623,2.4,5.555555556,94.44444444,71.42857143,28.57142857,1.587301587,71.42857143,98.41269841,66.66666667,92.53731343,40,NaN,NaN,NaN,NaN,NaN,NaN,NaN,NaN,NaN,NaN,NaN,NaN,NaN,NaN
xu_aligned,onoff,10,REVS-T,96.41393443,3.586065574,189.1682571,99.9,2.4,24,97.6,98.57142857,100,14.28571429,0,85.71428571,100,100,91.30434783,25,100,3.487179487,0,96.51282051,2.857142857,100,5.555555556,1,0.347437729,NaN,100,99.89754098,0.102459016,2.4,2.857142857,97.14285714,85.71428571,14.28571429,0,85.71428571,100,100,91.30434783,25,NaN,NaN,NaN,NaN,NaN,NaN,NaN,NaN,NaN,NaN,NaN,NaN,NaN,NaN
xu_aligned,onoff,10,REVS-T-Uniform,96.20901639,3.790983607,189.5291144,99.7,2.4,24,97.6,100,100,0,0,100,100,0,90,0,100,3.494347379,0,96.50565262,8.108108108,100,15,NaN,0.16885102,NaN,100,85.14344262,14.85655738,2.4,8.108108108,91.89189189,100,0,0,100,100,0,90,0,NaN,NaN,NaN,NaN,NaN,NaN,NaN,NaN,NaN,NaN,NaN,NaN,NaN,NaN
xu_aligned,onoff,10,Threshold,96.41393443,3.586065574,189.1682571,99.9,2.4,24,97.6,98.57142857,100,14.28571429,0,85.71428571,100,100,91.30434783,25,100,3.487179487,0,96.51282051,2.857142857,100,5.555555556,1,0.33133798,NaN,100,99.89754098,0.102459016,2.4,2.857142857,97.14285714,85.71428571,14.28571429,0,85.71428571,100,100,91.30434783,25,NaN,NaN,NaN,NaN,NaN,NaN,NaN,NaN,NaN,NaN,NaN,NaN,NaN,NaN
xu_aligned,onoff,10,Threshold-MaxRep,96.41393443,3.586065574,189.1682571,99.9,2.4,24,97.6,98.57142857,100,14.28571429,0,85.71428571,100,100,91.30434783,25,100,3.487179487,0,96.51282051,2.857142857,100,5.555555556,1,0.329807533,NaN,100,99.89754098,0.102459016,2.4,2.857142857,97.14285714,85.71428571,14.28571429,0,85.71428571,100,100,91.30434783,25,NaN,NaN,NaN,NaN,NaN,NaN,NaN,NaN,NaN,NaN,NaN,NaN,NaN,NaN
xu_aligned,onoff,10,Threshold-NoTierSel,96.20901639,3.790983607,189.4628481,99.7,2.4,24,97.6,95.71428571,100,42.85714286,0,57.14285714,100,100,94.02985075,60,100,3.494347379,0,96.50565262,8.108108108,100,15,1,0.33125746,NaN,100,99.69262295,0.307377049,2.4,8.108108108,91.89189189,57.14285714,42.85714286,0,57.14285714,100,100,94.02985075,60,NaN,NaN,NaN,NaN,NaN,NaN,NaN,NaN,NaN,NaN,NaN,NaN,NaN,NaN
xu_aligned,onoff,30,Beta,96.08465608,3.915343915,199.3030207,98.4,5.5,55,94.5,87.14285714,95.91836735,33.33333333,4.081632653,66.66666667,95.91836735,77.77777778,77.04918033,46.66666667,62.5,2.906350915,37.5,97.09364909,27.02702703,99.33920705,37.73584906,1,0.504149878,NaN,96,94.70899471,5.291005291,5.5,27.02702703,72.97297297,66.66666667,33.33333333,4.081632653,66.66666667,95.91836735,77.77777778,77.04918033,46.66666667,NaN,NaN,NaN,NaN,NaN,NaN,NaN,NaN,NaN,NaN,NaN,NaN,NaN,NaN
xu_aligned,onoff,30,REVS-T,96.48187633,3.518123667,198.5012052,99.4,6.2,62,93.8,91.42857143,100,28.57142857,0,71.42857143,100,100,76.5625,44.44444444,100,2.896995708,0,97.10300429,18.18181818,100,30.76923077,1,0.334444765,NaN,98,99.36034115,0.639658849,6.2,18.18181818,81.81818182,71.42857143,28.57142857,0,71.42857143,100,100,76.5625,44.44444444,NaN,NaN,NaN,NaN,NaN,NaN,NaN,NaN,NaN,NaN,NaN,NaN,NaN,NaN
xu_aligned,onoff,30,REVS-T-Uniform,95.66137566,4.338624339,199.8933379,97.5,5.5,55,94.5,97.14285714,100,9.523809524,0,90.47619048,100,100,72.05882353,17.39130435,56,2.934782609,44,97.06521739,34.14634146,98.78318584,42.42424242,5,0.153946263,NaN,91,83.80952381,16.19047619,5.5,34.14634146,65.85365854,90.47619048,9.523809524,0,90.47619048,100,100,72.05882353,17.39130435,NaN,NaN,NaN,NaN,NaN,NaN,NaN,NaN,NaN,NaN,NaN,NaN,NaN,NaN
xu_aligned,onoff,30,Threshold,96.48187633,3.518123667,198.5012052,99.4,6.2,62,93.8,91.42857143,100,28.57142857,0,71.42857143,100,100,76.5625,44.44444444,100,2.896995708,0,97.10300429,18.18181818,100,30.76923077,1,0.323540685,NaN,98,99.36034115,0.639658849,6.2,18.18181818,81.81818182,71.42857143,28.57142857,0,71.42857143,100,100,76.5625,44.44444444,NaN,NaN,NaN,NaN,NaN,NaN,NaN,NaN,NaN,NaN,NaN,NaN,NaN,NaN
xu_aligned,onoff,30,Threshold-MaxRep,96.2962963,3.703703704,198.841708,98.7,5.5,55,94.5,91.42857143,100,28.57142857,0,71.42857143,100,100,76.5625,44.44444444,61.53846154,2.896995708,38.46153846,97.10300429,22.85714286,99.45054945,33.33333333,1,0.329010862,NaN,98,98.62433862,1.375661376,5.5,22.85714286,77.14285714,71.42857143,28.57142857,0,71.42857143,100,100,76.5625,44.44444444,NaN,NaN,NaN,NaN,NaN,NaN,NaN,NaN,NaN,NaN,NaN,NaN,NaN,NaN
xu_aligned,onoff,30,Threshold-NoTierSel,96.25267666,3.74732334,199.1709954,99.2,6.6,66,93.4,88.57142857,100,38.0952381,0,61.9047619,100,100,79.03225806,55.17241379,100,2.915766739,0,97.08423326,22.85714286,100,37.20930233,1,0.323706729,NaN,95,99.14346895,0.856531049,6.6,22.85714286,77.14285714,61.9047619,38.0952381,0,61.9047619,100,100,79.03225806,55.17241379,NaN,NaN,NaN,NaN,NaN,NaN,NaN,NaN,NaN,NaN,NaN,NaN,NaN,NaN
xu_aligned,onoff,50,Beta,87.43286788,12.56713212,210.5685978,82.9,6.9,69,93.1,72.85714286,94.28571429,48.57142857,5.714285714,51.42857143,94.28571429,89.47368421,64.70588235,62.96296296,53.21637427,3.421052632,46.78362573,96.57894737,77.77777778,90.17199017,63.19444444,1,0.457120364,NaN,80,78.94736842,21.05263158,6.9,77.77777778,22.22222222,51.42857143,48.57142857,5.714285714,51.42857143,94.28571429,89.47368421,64.70588235,62.96296296,NaN,NaN,NaN,NaN,NaN,NaN,NaN,NaN,NaN,NaN,NaN,NaN,NaN,NaN
xu_aligned,onoff,50,REVS-T,94.43037975,5.569620253,194.1745674,98.3,21,210,79,75.71428571,100,48.57142857,0,51.42857143,100,100,66.03773585,65.38461538,100,3.492884864,0,96.50711514,38.63636364,100,55.73770492,1,0.328452989,NaN,92,97.84810127,2.151898734,21,38.63636364,61.36363636,51.42857143,48.57142857,0,51.42857143,100,100,66.03773585,65.38461538,NaN,NaN,NaN,NaN,NaN,NaN,NaN,NaN,NaN,NaN,NaN,NaN,NaN,NaN
xu_aligned,onoff,50,REVS-T-Uniform,86.1878453,13.8121547,211.6804474,82.1,9.5,95,90.5,75.71428571,100,48.57142857,0,51.42857143,100,100,66.03773585,65.38461538,54.74860335,3.719008264,45.25139665,96.28099174,78.4,89.61538462,64.47368421,4.705882353,0.14030464,NaN,66,70.38674033,29.61325967,9.5,78.4,21.6,51.42857143,48.57142857,0,51.42857143,100,100,66.03773585,65.38461538,NaN,NaN,NaN,NaN,NaN,NaN,NaN,NaN,NaN,NaN,NaN,NaN,NaN,NaN
xu_aligned,onoff,50,Threshold,94.43037975,5.569620253,194.1745674,98.3,21,210,79,75.71428571,100,48.57142857,0,51.42857143,100,100,66.03773585,65.38461538,100,3.492884864,0,96.50711514,38.63636364,100,55.73770492,1,0.320014152,NaN,92,97.84810127,2.151898734,21,38.63636364,61.36363636,51.42857143,48.57142857,0,51.42857143,100,100,66.03773585,65.38461538,NaN,NaN,NaN,NaN,NaN,NaN,NaN,NaN,NaN,NaN,NaN,NaN,NaN,NaN
xu_aligned,onoff,50,Threshold-MaxRep,88.18474758,11.81525242,208.0407481,84.2,6.9,69,93.1,75.71428571,100,48.57142857,0,51.42857143,100,100,66.03773585,65.38461538,52.53164557,3.492884864,47.46835443,96.50711514,75.45454545,90.86479903,61.94029851,1,0.329153194,NaN,89,83.02900107,16.97099893,6.9,75.45454545,24.54545455,51.42857143,48.57142857,0,51.42857143,100,100,66.03773585,65.38461538,NaN,NaN,NaN,NaN,NaN,NaN,NaN,NaN,NaN,NaN,NaN,NaN,NaN,NaN
xu_aligned,onoff,50,Threshold-NoTierSel,94.36619718,5.633802817,194.6007834,98.3,21.9,219,78.1,75.71428571,100,48.57142857,0,51.42857143,100,100,66.03773585,65.38461538,100,3.534031414,0,96.46596859,38.63636364,100,55.73770492,1,0.319447595,NaN,87,97.82330346,2.176696543,21.9,38.63636364,61.36363636,51.42857143,48.57142857,0,51.42857143,100,100,66.03773585,65.38461538,NaN,NaN,NaN,NaN,NaN,NaN,NaN,NaN,NaN,NaN,NaN,NaN,NaN,NaN
